expedition_id,year,season,sector,crew_size,leader_experience_years,has_yeller_group,specialty,days_in_field,creature_encounters,casualties,catch_value,equipment_condition,morale_at_return,success
EXP-0221,1854,summer,Eastern Caves,20,1,False,amalgam_extraction,25,1,0,53.99,0.93,1.0,True
EXP-0933,1848,autumn,Dens Edge,19,11,False,deep_cave,7,9,1,49.41,0.82,0.88,True
EXP-0730,1842,summer,Miasto Border,16,14,False,general,10,0,0,19.44,0.82,0.61,False
EXP-0952,1854,autumn,Western Marsh,15,7,False,deep_cave,7,2,1,57.87,0.68,0.89,True
EXP-0628,1845,summer,Dens Edge,25,4,False,yeller_hunting,8,7,2,113.15,0.79,0.77,True
EXP-0632,1845,summer,Surface Flats,22,1,False,surface_trap,14,0,0,8.83,0.78,0.72,False
EXP-0807,1843,summer,Western Marsh,12,22,True,general,15,1,0,151.24,0.81,0.84,True
EXP-0041,1858,spring,Dens Edge,15,12,False,deep_cave,38,4,0,378.64,0.9,0.87,True
EXP-0920,1849,spring,Surface Flats,8,26,False,surface_trap,21,3,0,17.86,0.81,0.66,False
EXP-0912,1855,summer,Surface Flats,18,14,False,surface_trap,26,1,0,22.49,0.89,0.97,True
EXP-0814,1845,summer,Dens Edge,9,9,False,deep_cave,10,8,0,38.34,0.78,0.75,True
EXP-0313,1851,summer,Eastern Caves,14,1,True,deep_cave,14,8,0,188.61,0.81,1.0,True
EXP-0844,1852,winter,Eastern Caves,25,5,False,general,18,9,4,59.37,0.83,0.63,True
EXP-0445,1848,winter,Miasto Border,21,6,False,yeller_hunting,38,3,1,25.06,0.7,1.0,True
EXP-0823,1853,winter,Surface Flats,25,1,False,general,19,1,0,20.28,0.72,0.65,True
EXP-0928,1845,winter,Dens Edge,18,5,False,general,12,10,5,309.83,0.6,0.7,True
EXP-0521,1852,summer,Miasto Border,21,2,False,general,29,0,0,24.36,0.93,0.83,True
EXP-0139,1845,summer,Eastern Caves,13,1,False,general,30,6,0,42.87,0.75,0.85,True
EXP-0975,1860,winter,Eastern Caves,16,7,False,amalgam_extraction,22,7,0,57.25,0.99,0.96,True
EXP-0338,1842,summer,Western Marsh,14,6,True,general,27,3,0,23.76,0.95,0.98,True
EXP-0484,1857,winter,Western Marsh,11,1,False,deep_cave,34,4,0,176.15,0.74,0.97,True
EXP-0393,1845,spring,Western Marsh,18,1,True,deep_cave,10,2,0,33.78,0.93,1.0,True
EXP-0486,1854,spring,Eastern Caves,15,4,False,general,20,5,0,103.93,0.96,0.87,True
EXP-0941,1841,summer,Western Marsh,25,1,False,surface_trap,24,2,1,349.23,0.9,0.88,True
EXP-0154,1848,winter,Deep Quarry,8,1,False,amalgam_extraction,19,11,4,22.93,0.48,0.26,False
EXP-0254,1843,winter,Surface Flats,20,1,True,surface_trap,23,2,0,35.61,0.89,0.84,True
EXP-0122,1851,spring,Surface Flats,18,5,False,surface_trap,17,0,0,174.68,0.88,0.81,True
EXP-0446,1841,winter,Dens Edge,24,3,False,amalgam_extraction,21,11,0,40.73,0.71,0.85,True
EXP-0732,1854,spring,Eastern Caves,25,6,False,amalgam_extraction,19,3,2,18.35,0.7,0.61,False
EXP-0745,1849,spring,Eastern Caves,22,5,True,surface_trap,7,6,1,6.93,0.66,0.52,False
EXP-0286,1846,spring,Eastern Caves,23,4,False,deep_cave,30,2,0,44.2,0.92,0.92,True
EXP-0786,1855,spring,Surface Flats,16,8,False,surface_trap,24,2,0,55.9,0.91,0.81,True
EXP-0487,1854,winter,Western Marsh,16,1,True,deep_cave,27,3,0,190.79,0.76,0.92,True
EXP-0930,1845,autumn,Dens Edge,15,3,False,surface_trap,29,6,1,179.48,0.87,0.81,True
EXP-0009,1845,winter,Miasto Border,9,7,False,deep_cave,21,4,1,10.93,0.61,0.51,False
EXP-0516,1850,winter,Miasto Border,18,1,False,yeller_hunting,20,4,1,103.61,0.73,0.91,True
EXP-0069,1857,spring,Deep Quarry,16,4,False,deep_cave,9,6,0,35.2,0.85,0.95,True
EXP-0680,1852,winter,Deep Quarry,15,7,False,amalgam_extraction,11,8,1,20.58,0.89,0.82,True
EXP-0701,1855,summer,Deep Quarry,11,2,True,deep_cave,15,5,0,26.78,0.77,0.85,True
EXP-0443,1860,summer,Eastern Caves,21,2,False,general,21,3,0,39.11,0.86,1.0,True
EXP-0983,1848,summer,Surface Flats,17,9,False,surface_trap,14,0,0,19.82,0.82,0.78,False
EXP-0843,1842,spring,Surface Flats,23,5,False,general,20,2,2,31.57,0.9,1.0,True
EXP-0966,1849,autumn,Dens Edge,21,6,False,general,15,12,4,175.32,0.75,0.74,True
EXP-0053,1843,spring,Dens Edge,20,6,False,surface_trap,19,2,0,421.08,0.98,1.0,True
EXP-0146,1854,spring,Miasto Border,20,3,False,amalgam_extraction,12,2,0,14.48,0.8,0.74,False
EXP-0705,1842,winter,Western Marsh,21,4,True,deep_cave,13,4,2,8.95,0.89,0.54,False
EXP-0184,1848,spring,Surface Flats,22,3,False,general,31,3,0,105.69,0.78,0.87,True
EXP-0652,1855,summer,Deep Quarry,12,7,False,deep_cave,29,3,0,118.92,0.84,0.97,True
EXP-0023,1852,winter,Eastern Caves,16,12,False,amalgam_extraction,9,9,0,42.32,0.78,0.79,True
EXP-0211,1858,spring,Eastern Caves,12,1,False,surface_trap,16,3,0,32.29,0.87,0.93,True
EXP-0955,1859,winter,Miasto Border,9,13,False,surface_trap,26,0,0,15.04,0.82,0.74,False
EXP-0750,1858,summer,Miasto Border,16,4,True,general,22,2,0,27.2,0.73,0.9,True
EXP-0944,1855,winter,Western Marsh,20,1,False,yeller_hunting,16,3,0,187.19,0.95,0.9,True
EXP-0417,1855,summer,Miasto Border,9,3,False,general,24,0,0,13.19,0.93,0.9,False
EXP-0063,1860,winter,Deep Quarry,21,5,True,amalgam_extraction,24,3,0,164.86,0.93,0.94,True
EXP-0365,1849,spring,Western Marsh,8,1,False,surface_trap,9,3,0,15.59,0.8,0.45,False
EXP-0200,1860,autumn,Deep Quarry,8,1,True,amalgam_extraction,24,8,3,681.94,0.5,0.5,False
EXP-0186,1847,autumn,Miasto Border,16,1,False,surface_trap,23,0,0,53.08,0.93,0.87,True
EXP-0740,1843,winter,Dens Edge,17,3,False,yeller_hunting,18,9,0,60.85,0.89,0.87,True
EXP-0201,1845,winter,Western Marsh,17,8,False,amalgam_extraction,29,3,2,260.79,0.76,0.96,True
EXP-0839,1847,summer,Surface Flats,13,10,False,surface_trap,14,3,0,42.53,0.81,0.97,True
EXP-0495,1853,winter,Western Marsh,10,6,False,yeller_hunting,25,3,0,341.83,0.96,0.91,True
EXP-0187,1854,spring,Western Marsh,17,3,False,deep_cave,17,1,0,80.78,0.89,0.91,True
EXP-0630,1840,autumn,Eastern Caves,22,17,False,general,24,4,2,21.57,0.65,0.93,True
EXP-0225,1845,spring,Dens Edge,23,2,False,general,26,6,6,83.95,0.68,0.78,True
EXP-0894,1840,spring,Eastern Caves,10,20,False,surface_trap,31,3,0,42.66,0.97,0.92,True
EXP-0399,1841,summer,Western Marsh,20,10,False,amalgam_extraction,17,3,2,13.28,0.88,0.61,False
EXP-0206,1847,winter,Eastern Caves,23,2,False,amalgam_extraction,25,2,3,182.02,0.86,0.71,True
EXP-0953,1857,winter,Deep Quarry,21,6,False,deep_cave,28,4,0,138.65,0.82,0.92,True
EXP-0956,1846,autumn,Eastern Caves,25,1,False,general,29,8,2,180.42,0.67,0.82,True
EXP-0784,1853,autumn,Dens Edge,23,5,False,deep_cave,24,4,0,798.76,0.95,0.82,True
EXP-0123,1856,autumn,Surface Flats,25,6,False,surface_trap,17,0,0,6.08,0.84,0.63,False
EXP-0372,1849,winter,Western Marsh,10,6,False,deep_cave,17,5,6,43.18,0.29,0.31,False
EXP-0171,1844,spring,Dens Edge,9,17,False,yeller_hunting,17,2,0,116.86,0.8,0.94,True
EXP-0356,1860,spring,Western Marsh,20,5,False,general,15,2,3,18.4,0.64,0.42,False
EXP-0943,1844,summer,Miasto Border,12,9,False,surface_trap,26,2,0,25.46,0.7,0.79,True
EXP-0818,1840,winter,Deep Quarry,25,4,False,deep_cave,30,6,0,70.43,0.85,0.7,True
EXP-0103,1841,winter,Eastern Caves,18,1,False,deep_cave,11,5,0,53.32,0.89,0.69,True
EXP-0161,1846,spring,Western Marsh,24,6,False,general,39,3,0,39.78,0.75,0.69,True
EXP-0385,1842,autumn,Deep Quarry,15,2,False,deep_cave,17,9,3,200.08,0.79,0.78,True
EXP-0593,1845,spring,Eastern Caves,12,5,False,general,13,2,0,74.49,0.71,0.79,True
EXP-0965,1858,summer,Surface Flats,15,1,False,general,25,2,0,12.82,0.83,0.57,False
EXP-0222,1849,winter,Western Marsh,14,2,False,amalgam_extraction,21,7,0,166.52,0.88,0.98,True
EXP-0815,1852,spring,Eastern Caves,16,3,False,yeller_hunting,14,5,0,18.12,0.99,0.58,False
EXP-0454,1854,autumn,Surface Flats,17,1,False,surface_trap,18,0,0,198.87,0.79,0.91,True
EXP-0230,1858,summer,Eastern Caves,9,4,False,surface_trap,21,6,2,17.24,0.76,0.41,False
EXP-0340,1848,summer,Eastern Caves,10,9,True,deep_cave,30,3,0,151.0,0.88,1.0,True
EXP-0477,1843,summer,Miasto Border,23,6,False,deep_cave,19,0,0,80.37,0.79,0.87,True
EXP-0416,1843,spring,Western Marsh,24,4,False,deep_cave,8,2,0,3.27,0.84,0.72,False
EXP-0737,1846,winter,Miasto Border,12,2,False,deep_cave,14,2,0,14.02,0.74,0.55,False
EXP-0619,1856,spring,Western Marsh,21,1,False,deep_cave,17,2,3,39.86,0.58,0.79,True
EXP-0827,1853,summer,Surface Flats,19,1,False,surface_trap,15,4,0,15.59,0.75,0.62,False
EXP-0842,1849,spring,Eastern Caves,23,1,False,surface_trap,15,3,1,472.8,0.88,0.81,True
EXP-0763,1856,autumn,Dens Edge,10,3,False,yeller_hunting,32,7,2,1235.22,0.76,0.81,True
EXP-0027,1842,spring,Dens Edge,25,3,False,deep_cave,25,2,0,183.98,0.95,0.73,True
EXP-0291,1846,summer,Dens Edge,12,28,False,general,26,2,0,188.87,0.98,0.9,True
EXP-0578,1858,autumn,Deep Quarry,16,3,False,deep_cave,7,5,2,5.36,0.83,0.57,False
EXP-0629,1852,spring,Surface Flats,21,1,True,surface_trap,21,5,1,9.97,0.85,0.87,False
EXP-0700,1848,autumn,Eastern Caves,12,11,False,yeller_hunting,22,4,0,127.97,0.87,0.75,True
EXP-0792,1851,spring,Miasto Border,24,17,False,amalgam_extraction,14,2,0,16.31,0.74,0.72,False
EXP-0195,1845,spring,Surface Flats,18,2,True,surface_trap,23,1,0,35.93,0.73,0.98,True
EXP-0892,1860,winter,Dens Edge,9,1,False,surface_trap,25,5,3,561.09,0.42,0.31,False
EXP-0078,1843,winter,Eastern Caves,25,10,False,surface_trap,14,5,0,23.15,0.92,0.92,True
EXP-0825,1848,winter,Surface Flats,15,3,False,surface_trap,18,2,0,12.86,0.9,0.67,False
EXP-0512,1858,winter,Western Marsh,8,1,False,surface_trap,26,5,3,31.09,0.52,0.22,False
EXP-0013,1856,summer,Miasto Border,10,27,True,amalgam_extraction,28,1,0,78.28,0.79,0.81,True
EXP-0556,1855,autumn,Deep Quarry,13,2,False,amalgam_extraction,25,8,3,46.79,0.63,0.77,True
EXP-0748,1845,summer,Deep Quarry,9,1,False,general,20,4,0,211.49,0.94,0.88,True
EXP-0029,1856,spring,Dens Edge,16,1,False,amalgam_extraction,23,3,0,102.19,0.76,0.94,True
EXP-0870,1843,winter,Western Marsh,8,1,True,yeller_hunting,22,6,0,131.47,0.89,0.99,True
EXP-0276,1857,autumn,Eastern Caves,19,7,False,yeller_hunting,24,3,0,51.05,0.73,0.83,True
EXP-0584,1852,summer,Deep Quarry,15,4,False,amalgam_extraction,23,11,6,44.25,0.55,0.5,False
EXP-0223,1858,summer,Dens Edge,23,11,False,deep_cave,28,3,0,102.73,0.98,0.86,True
EXP-0491,1854,autumn,Western Marsh,20,33,False,yeller_hunting,13,1,0,52.48,0.85,0.86,True
EXP-0635,1855,winter,Western Marsh,17,2,False,amalgam_extraction,11,7,0,8.21,0.98,0.62,False
EXP-0604,1857,summer,Miasto Border,15,6,True,amalgam_extraction,8,1,0,89.99,0.82,0.92,True
EXP-0665,1846,summer,Deep Quarry,15,7,False,deep_cave,17,3,0,96.79,0.77,0.88,True
EXP-0072,1857,autumn,Surface Flats,13,1,True,surface_trap,7,2,0,8.93,0.95,0.79,False
EXP-0710,1842,autumn,Surface Flats,17,6,False,surface_trap,22,3,4,7.13,0.66,0.51,False
EXP-0761,1860,summer,Surface Flats,17,11,False,surface_trap,29,1,0,13.62,0.82,0.5,False
EXP-0967,1840,winter,Dens Edge,21,15,False,deep_cave,30,9,0,446.47,0.87,0.94,True
EXP-0388,1841,autumn,Eastern Caves,8,9,False,deep_cave,24,5,1,194.88,0.8,0.81,True
EXP-0668,1857,autumn,Eastern Caves,8,17,False,amalgam_extraction,21,7,2,10.49,0.75,0.58,False
EXP-0752,1848,autumn,Surface Flats,17,1,False,surface_trap,32,1,0,24.69,0.72,0.86,True
EXP-0164,1848,winter,Surface Flats,9,10,False,surface_trap,23,6,0,49.31,0.82,0.92,True
EXP-0483,1857,winter,Eastern Caves,15,27,False,yeller_hunting,15,4,3,21.51,0.53,0.71,True
EXP-0191,1843,spring,Eastern Caves,20,8,True,general,14,2,0,21.85,0.97,0.88,True
EXP-0725,1843,summer,Western Marsh,11,15,False,yeller_hunting,13,2,0,59.63,0.84,0.88,True
EXP-0308,1846,summer,Miasto Border,18,8,False,general,24,0,0,36.26,0.71,1.0,True
EXP-0199,1852,summer,Western Marsh,17,4,False,surface_trap,25,3,0,178.11,0.83,0.86,True
EXP-0905,1848,spring,Surface Flats,14,28,False,surface_trap,11,2,1,55.27,0.76,0.88,True
EXP-0162,1848,autumn,Dens Edge,9,3,False,general,19,5,1,106.68,0.59,0.88,True
EXP-0995,1860,autumn,Surface Flats,13,6,False,surface_trap,26,1,0,17.12,0.85,0.66,False
EXP-0094,1851,spring,Dens Edge,18,9,False,general,24,8,2,601.11,0.73,0.94,True
EXP-0224,1856,autumn,Miasto Border,20,14,False,yeller_hunting,38,3,0,24.63,0.76,0.9,True
EXP-0708,1856,spring,Dens Edge,9,7,False,amalgam_extraction,18,10,2,473.15,0.7,0.75,True
EXP-0351,1852,autumn,Surface Flats,8,5,False,general,7,2,0,22.24,0.8,0.93,True
EXP-0015,1853,winter,Deep Quarry,22,3,True,amalgam_extraction,20,4,0,116.82,0.94,0.83,True
EXP-0900,1851,winter,Eastern Caves,11,6,False,yeller_hunting,27,7,0,156.01,0.71,0.91,True
EXP-0367,1850,winter,Deep Quarry,8,7,False,deep_cave,21,9,1,44.9,0.62,0.88,True
EXP-0312,1850,summer,Western Marsh,19,1,False,yeller_hunting,10,1,2,77.56,0.75,1.0,True
EXP-0467,1845,winter,Deep Quarry,17,1,True,amalgam_extraction,27,8,3,491.99,0.69,0.94,True
EXP-0978,1843,summer,Surface Flats,23,3,False,surface_trap,16,1,0,11.74,0.92,0.5,False
EXP-0345,1859,summer,Western Marsh,10,6,False,amalgam_extraction,19,2,0,30.46,0.9,0.81,True
EXP-0787,1851,spring,Eastern Caves,24,3,True,amalgam_extraction,23,3,0,10.57,0.85,0.51,False
EXP-0298,1860,winter,Deep Quarry,18,52,False,amalgam_extraction,33,7,3,164.24,0.83,0.77,True
EXP-0574,1847,autumn,Surface Flats,15,3,False,general,17,2,3,15.25,0.7,0.57,False
EXP-0785,1858,spring,Western Marsh,8,3,False,general,11,2,0,18.59,0.88,0.44,False
EXP-0084,1846,winter,Dens Edge,16,2,True,general,24,13,2,36.41,0.71,0.96,True
EXP-0481,1854,spring,Miasto Border,23,8,False,surface_trap,19,1,0,21.82,0.92,1.0,True
EXP-0475,1854,summer,Eastern Caves,22,3,False,yeller_hunting,29,6,0,43.0,0.75,0.9,True
EXP-0592,1843,autumn,Surface Flats,17,1,False,general,16,4,3,135.16,0.62,0.85,True
EXP-0083,1850,autumn,Surface Flats,11,14,False,general,32,2,0,305.08,0.84,0.83,True
EXP-0144,1842,summer,Western Marsh,24,5,False,amalgam_extraction,29,0,0,74.72,0.88,0.85,True
EXP-0121,1849,autumn,Eastern Caves,13,9,False,surface_trap,20,8,0,78.31,0.94,0.88,True
EXP-0947,1856,summer,Deep Quarry,23,9,False,amalgam_extraction,16,4,1,81.65,0.8,0.77,True
EXP-0005,1841,spring,Dens Edge,12,9,False,general,7,5,1,126.14,0.71,0.89,True
EXP-0304,1860,autumn,Dens Edge,8,15,False,general,20,8,0,522.49,0.98,0.92,True
EXP-0177,1842,winter,Deep Quarry,19,5,False,amalgam_extraction,24,5,0,50.34,0.89,0.9,True
EXP-0318,1845,winter,Miasto Border,20,7,False,surface_trap,25,1,1,76.96,0.87,0.83,True
EXP-0457,1848,summer,Western Marsh,14,1,True,yeller_hunting,12,2,2,13.04,0.83,0.43,False
EXP-0400,1844,summer,Miasto Border,23,8,False,amalgam_extraction,7,3,0,26.92,0.95,0.95,True
EXP-0841,1842,summer,Deep Quarry,19,1,False,deep_cave,24,4,0,131.05,0.72,0.81,True
EXP-0782,1851,summer,Miasto Border,14,1,False,yeller_hunting,16,3,3,24.32,0.63,0.83,True
EXP-0979,1841,spring,Surface Flats,19,5,False,surface_trap,7,2,0,12.94,0.79,0.45,False
EXP-0636,1841,winter,Western Marsh,23,3,False,surface_trap,29,3,3,15.65,0.75,0.58,False
EXP-0634,1860,summer,Western Marsh,13,5,False,yeller_hunting,30,4,0,72.57,0.73,0.89,True
EXP-0781,1852,autumn,Surface Flats,14,3,False,surface_trap,25,2,0,42.37,0.83,0.66,True
EXP-0659,1851,summer,Western Marsh,21,2,False,surface_trap,24,3,3,32.11,0.8,0.98,True
EXP-0142,1852,spring,Miasto Border,11,6,False,general,19,2,3,116.17,0.58,0.72,True
EXP-0985,1855,summer,Deep Quarry,22,2,False,deep_cave,22,4,0,225.29,0.86,1.0,True
EXP-0981,1846,autumn,Surface Flats,17,6,False,surface_trap,13,2,0,125.02,0.72,0.94,True
EXP-0829,1852,summer,Miasto Border,18,3,False,general,34,3,3,88.73,0.56,0.82,True
EXP-0672,1847,spring,Western Marsh,9,8,False,yeller_hunting,32,2,2,75.52,0.62,0.91,True
EXP-0671,1860,winter,Eastern Caves,22,18,False,yeller_hunting,14,6,2,75.21,0.7,0.9,True
EXP-0112,1858,summer,Surface Flats,15,20,False,general,20,2,0,27.26,0.92,0.73,True
EXP-0541,1860,spring,Dens Edge,12,3,True,general,23,4,0,153.33,0.92,0.86,True
EXP-0534,1840,summer,Eastern Caves,21,1,False,deep_cave,11,3,6,51.12,0.59,0.75,True
EXP-0017,1848,winter,Miasto Border,8,1,False,surface_trap,18,4,2,26.42,0.75,0.75,True
EXP-0501,1841,spring,Dens Edge,15,6,False,yeller_hunting,28,5,0,103.84,0.84,0.99,True
EXP-0793,1860,spring,Dens Edge,13,6,False,surface_trap,12,8,0,56.72,0.71,0.88,True
EXP-0506,1844,winter,Miasto Border,9,3,False,deep_cave,23,4,0,34.29,0.7,1.0,True
EXP-0854,1843,spring,Western Marsh,22,3,False,deep_cave,25,2,1,14.71,0.67,0.49,False
EXP-0585,1860,summer,Western Marsh,18,24,False,amalgam_extraction,28,4,0,135.62,0.77,0.92,True
EXP-0938,1841,spring,Dens Edge,11,7,False,deep_cave,13,5,0,35.93,0.82,0.97,True
EXP-0321,1848,winter,Miasto Border,16,3,False,general,32,2,0,187.9,0.87,0.87,True
EXP-0973,1851,spring,Miasto Border,11,8,False,general,25,4,0,57.74,0.73,0.78,True
EXP-0370,1856,autumn,Dens Edge,11,4,False,surface_trap,16,8,3,256.2,0.46,0.69,True
EXP-0690,1851,summer,Dens Edge,23,1,False,amalgam_extraction,23,6,0,52.63,0.95,0.71,True
EXP-0864,1844,summer,Dens Edge,10,8,False,deep_cave,13,6,2,7.91,0.55,0.42,False
EXP-0086,1840,winter,Surface Flats,14,1,False,surface_trap,14,4,0,4.55,0.71,0.59,False
EXP-0082,1847,autumn,Western Marsh,23,4,False,amalgam_extraction,18,1,0,29.21,0.83,0.88,True
EXP-0158,1853,summer,Western Marsh,17,2,False,deep_cave,25,1,0,19.47,0.8,0.6,False
EXP-0102,1860,summer,Miasto Border,10,9,False,deep_cave,37,3,2,82.33,0.51,0.74,True
EXP-0504,1855,winter,Eastern Caves,21,4,False,yeller_hunting,27,11,4,61.35,0.75,0.72,True
EXP-0682,1852,summer,Deep Quarry,18,4,False,deep_cave,28,6,1,155.8,0.75,0.88,True
EXP-0559,1846,spring,Deep Quarry,18,24,False,deep_cave,21,4,2,135.73,0.81,0.76,True
EXP-0642,1847,winter,Western Marsh,15,6,True,general,33,4,2,49.59,0.86,0.71,True
EXP-0129,1852,spring,Deep Quarry,24,8,False,deep_cave,22,5,3,347.97,0.83,0.79,True
EXP-0893,1853,summer,Miasto Border,21,1,False,surface_trap,39,2,0,133.86,0.85,0.9,True
EXP-0969,1851,spring,Western Marsh,16,16,False,deep_cave,15,4,0,49.58,0.8,0.75,True
EXP-0234,1844,spring,Eastern Caves,8,4,False,amalgam_extraction,28,3,0,246.38,0.9,0.95,True
EXP-0538,1846,winter,Eastern Caves,25,4,False,amalgam_extraction,22,4,1,157.79,0.87,1.0,True
EXP-0119,1843,winter,Western Marsh,14,5,False,yeller_hunting,19,2,0,80.36,0.97,0.91,True
EXP-0946,1858,autumn,Western Marsh,24,14,True,general,24,1,0,154.18,0.97,0.95,True
EXP-0343,1857,autumn,Dens Edge,14,15,True,amalgam_extraction,16,8,1,67.05,0.81,0.79,True
EXP-0461,1846,summer,Western Marsh,20,1,False,general,13,2,0,117.52,0.88,1.0,True
EXP-0196,1847,winter,Surface Flats,20,12,False,surface_trap,7,3,0,0.45,0.88,0.56,False
EXP-0189,1844,summer,Surface Flats,13,1,False,general,33,0,0,67.17,0.97,0.96,True
EXP-0832,1852,summer,Western Marsh,10,12,False,general,15,2,0,37.9,0.81,0.93,True
EXP-0849,1856,spring,Surface Flats,9,2,True,surface_trap,7,0,0,5.05,0.71,0.57,False
EXP-0649,1847,autumn,Eastern Caves,13,7,False,surface_trap,12,2,0,9.99,0.98,0.69,False
EXP-0948,1847,summer,Western Marsh,15,10,False,surface_trap,18,1,0,19.43,0.85,0.67,False
EXP-0896,1845,summer,Eastern Caves,9,17,False,yeller_hunting,15,4,0,22.74,0.87,0.99,True
EXP-0192,1860,spring,Surface Flats,9,12,False,general,20,3,0,241.34,0.83,0.63,True
EXP-0405,1854,summer,Deep Quarry,11,2,False,deep_cave,20,4,3,11.75,0.52,0.57,False
EXP-0587,1843,winter,Dens Edge,14,1,False,deep_cave,13,12,2,13.01,0.73,0.52,False
EXP-0611,1858,summer,Surface Flats,9,2,False,general,20,4,1,31.56,0.71,1.0,True
EXP-0756,1841,autumn,Deep Quarry,9,6,False,deep_cave,27,5,0,21.65,0.79,0.96,True
EXP-0273,1853,spring,Deep Quarry,15,1,False,deep_cave,24,4,2,191.12,0.75,0.82,True
EXP-0811,1860,spring,Deep Quarry,11,4,False,deep_cave,21,6,0,36.49,0.81,0.92,True
EXP-0163,1859,winter,Miasto Border,17,2,False,general,14,1,0,157.22,0.89,0.93,True
EXP-0694,1854,spring,Dens Edge,19,4,False,general,22,7,2,161.44,0.86,0.78,True
EXP-0216,1855,winter,Dens Edge,20,1,True,surface_trap,24,13,2,279.09,0.7,0.93,True
EXP-0368,1848,autumn,Dens Edge,18,2,False,general,23,5,3,133.39,0.61,0.91,True
EXP-0065,1858,winter,Western Marsh,24,1,False,yeller_hunting,24,0,0,332.02,0.84,0.88,True
EXP-0428,1843,winter,Surface Flats,9,1,False,surface_trap,16,2,0,7.53,0.99,0.55,False
EXP-0795,1852,winter,Surface Flats,23,21,False,surface_trap,29,3,3,83.29,0.71,0.8,True
EXP-0025,1859,spring,Eastern Caves,22,6,False,deep_cave,29,2,0,631.67,0.81,0.82,True
EXP-0691,1840,spring,Deep Quarry,25,1,False,deep_cave,28,8,4,86.26,0.55,0.89,True
EXP-0326,1849,spring,Eastern Caves,16,1,False,deep_cave,22,4,0,41.1,0.82,0.89,True
EXP-0598,1860,winter,Eastern Caves,11,15,False,general,30,9,2,19.7,0.58,0.6,False
EXP-0382,1852,autumn,Miasto Border,13,7,False,yeller_hunting,24,2,1,79.3,0.74,0.82,True
EXP-0497,1843,winter,Miasto Border,9,3,False,yeller_hunting,11,5,1,28.8,0.59,0.97,True
EXP-0620,1849,summer,Deep Quarry,21,1,False,general,20,3,2,198.33,0.72,0.82,True
EXP-0050,1847,summer,Western Marsh,14,1,True,yeller_hunting,16,3,0,46.98,0.84,0.96,True
EXP-0285,1847,autumn,Deep Quarry,15,6,False,amalgam_extraction,25,7,1,61.9,0.87,0.72,True
EXP-0654,1856,summer,Dens Edge,21,6,True,deep_cave,31,3,0,165.94,0.71,0.99,True
EXP-0409,1845,spring,Western Marsh,24,1,False,surface_trap,17,2,0,3.63,0.97,0.79,False
EXP-0601,1858,winter,Miasto Border,15,8,False,amalgam_extraction,25,3,2,66.64,0.78,0.59,True
EXP-0066,1840,spring,Surface Flats,14,1,False,surface_trap,16,1,0,30.79,0.99,0.82,True
EXP-0107,1845,summer,Dens Edge,19,30,False,yeller_hunting,7,6,0,26.57,0.89,0.89,True
EXP-0808,1842,winter,Deep Quarry,23,1,False,deep_cave,19,7,0,35.27,0.74,0.78,True
EXP-0754,1843,summer,Eastern Caves,10,1,False,surface_trap,20,2,0,106.66,0.92,0.74,True
EXP-0667,1858,autumn,Dens Edge,8,1,True,yeller_hunting,16,2,0,59.14,0.73,0.72,True
EXP-0294,1857,spring,Surface Flats,25,8,True,surface_trap,20,3,3,65.16,0.85,0.76,True
EXP-0061,1851,autumn,Miasto Border,18,12,False,general,20,3,0,14.22,0.93,0.64,False
EXP-0218,1860,winter,Western Marsh,16,1,False,deep_cave,16,3,0,18.35,0.83,0.59,False
EXP-0341,1855,autumn,Eastern Caves,22,7,False,general,11,2,4,21.17,0.8,0.79,True
EXP-0180,1851,spring,Miasto Border,21,17,False,general,13,1,0,87.52,0.77,0.84,True
EXP-0709,1840,spring,Western Marsh,8,6,False,yeller_hunting,26,4,1,99.88,0.77,0.88,True
EXP-0231,1858,summer,Western Marsh,10,3,False,general,20,1,0,95.67,0.91,0.8,True
EXP-0482,1853,summer,Dens Edge,13,8,False,general,14,3,0,16.65,0.92,0.54,False
EXP-0594,1851,summer,Surface Flats,20,1,False,surface_trap,14,3,1,21.14,0.92,1.0,True
EXP-0742,1855,spring,Deep Quarry,10,1,False,general,26,4,0,17.04,0.88,0.6,False
EXP-0520,1842,autumn,Eastern Caves,8,6,False,amalgam_extraction,25,2,0,125.46,0.86,0.84,True
EXP-0464,1854,autumn,Western Marsh,24,1,False,surface_trap,13,4,0,63.13,0.71,0.93,True
EXP-0877,1859,spring,Deep Quarry,14,9,False,amalgam_extraction,12,4,1,78.94,0.84,0.82,True
EXP-0156,1850,spring,Surface Flats,25,12,False,surface_trap,7,0,0,6.85,0.85,0.41,False
EXP-0048,1844,autumn,Dens Edge,25,5,False,deep_cave,21,5,1,2492.24,0.84,0.86,True
EXP-0141,1858,spring,Western Marsh,14,3,False,amalgam_extraction,9,5,3,8.72,0.77,0.51,False
EXP-0773,1855,summer,Miasto Border,18,9,False,yeller_hunting,32,0,0,37.74,0.87,0.91,True
EXP-0256,1846,summer,Deep Quarry,23,22,False,deep_cave,21,4,1,45.92,0.85,0.66,True
EXP-0639,1858,spring,Surface Flats,21,10,False,surface_trap,22,3,0,23.62,0.88,0.85,True
EXP-0645,1847,autumn,Western Marsh,11,3,False,surface_trap,29,2,0,202.29,0.96,0.93,True
EXP-0076,1853,autumn,Miasto Border,22,5,False,surface_trap,37,3,5,39.11,0.72,0.7,True
EXP-0820,1840,autumn,Eastern Caves,11,8,False,surface_trap,26,2,3,31.56,0.62,0.83,True
EXP-0768,1859,summer,Western Marsh,11,4,False,surface_trap,28,1,0,29.28,0.9,0.86,True
EXP-0215,1860,spring,Dens Edge,9,1,False,amalgam_extraction,7,9,5,11.43,0.32,0.33,False
EXP-0423,1852,spring,Deep Quarry,22,4,False,amalgam_extraction,22,4,3,67.0,0.72,0.74,True
EXP-0332,1852,autumn,Miasto Border,9,13,False,surface_trap,25,2,1,39.92,0.61,0.65,True
EXP-0239,1848,summer,Deep Quarry,21,2,False,deep_cave,14,5,5,5.52,0.6,0.53,False
EXP-0204,1844,spring,Deep Quarry,15,2,False,general,7,1,0,141.16,0.8,0.92,True
EXP-0662,1850,winter,Dens Edge,10,4,False,yeller_hunting,15,6,0,73.45,0.88,0.85,True
EXP-0591,1840,spring,Surface Flats,11,22,False,surface_trap,22,3,0,52.24,0.84,0.74,True
EXP-0543,1843,spring,Surface Flats,9,1,False,surface_trap,30,2,0,50.87,0.86,0.88,True
EXP-0924,1848,summer,Deep Quarry,12,1,False,amalgam_extraction,27,3,0,189.6,0.74,1.0,True
EXP-0232,1854,summer,Dens Edge,10,7,False,yeller_hunting,12,2,1,69.48,0.9,0.87,True
EXP-0265,1850,autumn,Deep Quarry,10,11,False,general,22,5,0,56.45,0.87,0.9,True
EXP-0765,1850,spring,Deep Quarry,9,1,False,general,7,7,5,28.14,0.25,0.26,False
EXP-0030,1854,autumn,Miasto Border,21,8,False,yeller_hunting,30,4,0,86.98,0.76,0.71,True
EXP-0296,1856,winter,Deep Quarry,23,5,False,deep_cave,17,8,2,40.22,0.78,0.91,True
EXP-0899,1842,summer,Surface Flats,15,9,False,surface_trap,23,2,5,9.29,0.54,0.45,False
EXP-0862,1843,summer,Surface Flats,8,1,False,surface_trap,16,0,0,14.08,0.89,0.52,False
EXP-0035,1860,summer,Miasto Border,13,3,False,general,22,1,0,112.81,0.78,0.96,True
EXP-0917,1844,spring,Western Marsh,20,9,False,yeller_hunting,21,6,3,62.14,0.78,0.68,True
EXP-0945,1845,summer,Dens Edge,13,2,False,general,14,8,1,204.93,0.69,1.0,True
EXP-0395,1860,autumn,Dens Edge,12,1,True,general,27,4,0,1104.73,1.0,0.77,True
EXP-0355,1844,summer,Western Marsh,10,4,False,surface_trap,22,2,0,36.76,0.88,0.96,True
EXP-0104,1860,winter,Eastern Caves,11,9,False,amalgam_extraction,20,8,1,12.47,0.74,0.57,False
EXP-0720,1848,spring,Miasto Border,10,5,False,general,17,2,0,25.57,0.72,0.75,True
EXP-0937,1844,winter,Miasto Border,25,4,False,general,15,1,0,10.41,0.8,0.76,False
EXP-0878,1857,winter,Surface Flats,15,7,False,surface_trap,22,1,0,69.88,0.98,0.98,True
EXP-0105,1860,winter,Western Marsh,22,1,False,surface_trap,24,6,0,28.62,0.97,0.92,True
EXP-0898,1858,winter,Dens Edge,13,1,False,yeller_hunting,26,8,4,384.12,0.67,0.23,False
EXP-0246,1857,autumn,Western Marsh,12,1,False,surface_trap,19,5,0,69.1,0.79,0.72,True
EXP-0606,1854,spring,Surface Flats,21,1,False,surface_trap,17,3,2,13.61,0.89,0.58,False
EXP-0116,1840,autumn,Surface Flats,25,1,False,surface_trap,12,3,0,19.71,0.96,0.69,False
EXP-0386,1852,winter,Deep Quarry,19,7,False,deep_cave,29,12,7,163.19,0.55,0.37,False
EXP-0621,1855,winter,Western Marsh,22,1,False,amalgam_extraction,20,7,3,35.62,0.74,0.87,True
EXP-0182,1845,winter,Eastern Caves,13,20,False,yeller_hunting,27,7,1,71.39,0.9,0.75,True
EXP-0244,1845,summer,Dens Edge,19,2,False,surface_trap,21,2,0,42.56,0.86,0.85,True
EXP-0096,1856,autumn,Surface Flats,21,8,False,surface_trap,12,1,0,55.49,0.9,1.0,True
EXP-0208,1857,winter,Deep Quarry,22,2,False,deep_cave,22,4,1,50.09,0.82,1.0,True
EXP-0327,1844,autumn,Eastern Caves,16,5,False,yeller_hunting,24,4,0,83.26,0.98,0.87,True
EXP-0936,1851,spring,Eastern Caves,19,4,True,general,27,4,1,335.01,0.94,0.8,True
EXP-0519,1843,spring,Western Marsh,19,7,False,amalgam_extraction,13,3,0,67.97,0.82,0.82,True
EXP-0722,1844,summer,Western Marsh,19,1,True,general,20,1,3,146.75,0.8,0.75,True
EXP-0879,1851,summer,Deep Quarry,19,2,False,amalgam_extraction,22,7,0,48.33,0.82,0.8,True
EXP-0724,1841,summer,Eastern Caves,9,2,False,general,15,1,0,122.7,0.77,0.82,True
EXP-0272,1844,autumn,Surface Flats,22,15,False,surface_trap,21,0,0,62.57,0.87,0.95,True
EXP-0317,1846,spring,Deep Quarry,13,4,True,amalgam_extraction,23,9,4,158.21,0.57,0.35,False
EXP-0833,1859,summer,Miasto Border,23,9,False,deep_cave,16,1,0,273.25,0.75,0.92,True
EXP-0714,1854,autumn,Miasto Border,10,5,False,general,21,1,0,5.11,0.85,0.8,False
EXP-0243,1847,spring,Deep Quarry,18,6,False,deep_cave,7,4,0,59.17,0.9,0.69,True
EXP-0510,1847,spring,Western Marsh,11,5,True,surface_trap,32,3,0,91.29,0.93,0.86,True
EXP-0375,1857,spring,Eastern Caves,19,1,False,yeller_hunting,24,2,0,44.85,0.73,0.95,True
EXP-0739,1852,winter,Eastern Caves,15,10,False,deep_cave,23,10,0,63.32,0.85,0.94,True
EXP-0968,1842,autumn,Eastern Caves,18,2,False,surface_trap,30,3,2,128.08,0.6,0.78,True
EXP-0040,1847,autumn,Eastern Caves,21,6,False,surface_trap,26,3,0,44.9,0.82,0.95,True
EXP-0869,1855,winter,Surface Flats,23,3,False,general,22,1,3,22.86,0.76,0.76,True
EXP-0219,1852,autumn,Dens Edge,8,1,True,yeller_hunting,22,7,1,52.82,0.85,0.84,True
EXP-0508,1859,winter,Dens Edge,16,21,False,deep_cave,23,7,0,45.97,0.95,0.85,True
EXP-0735,1847,autumn,Miasto Border,25,16,False,amalgam_extraction,25,2,0,98.69,0.92,0.87,True
EXP-0655,1854,winter,Dens Edge,23,1,False,amalgam_extraction,13,8,1,45.6,0.74,0.84,True
EXP-0160,1858,winter,Eastern Caves,16,1,False,general,12,10,4,48.56,0.52,0.73,True
EXP-0721,1854,spring,Eastern Caves,19,1,False,amalgam_extraction,7,13,3,84.47,0.8,1.0,True
EXP-0623,1851,autumn,Surface Flats,14,1,False,surface_trap,19,4,0,23.11,0.72,0.87,True
EXP-0939,1856,summer,Dens Edge,13,9,False,amalgam_extraction,21,2,0,73.87,0.78,0.82,True
EXP-0999,1847,summer,Eastern Caves,17,22,False,yeller_hunting,12,2,1,46.7,0.89,0.95,True
EXP-0237,1851,spring,Miasto Border,22,4,False,general,20,2,0,21.71,0.83,0.84,True
EXP-0014,1854,summer,Eastern Caves,17,14,False,deep_cave,22,3,0,18.21,0.88,0.65,False
EXP-0374,1858,autumn,Surface Flats,15,1,False,surface_trap,16,3,0,10.79,0.7,0.64,False
EXP-0407,1846,autumn,Deep Quarry,22,2,True,deep_cave,17,7,0,21.71,0.95,0.87,True
EXP-0911,1854,winter,Surface Flats,24,1,False,surface_trap,20,1,0,118.39,0.87,0.91,True
EXP-0770,1858,spring,Dens Edge,13,1,False,general,28,13,1,25.93,0.81,0.93,True
EXP-0990,1852,winter,Dens Edge,14,1,False,deep_cave,19,9,0,55.94,0.91,0.89,True
EXP-0686,1842,summer,Miasto Border,25,11,False,yeller_hunting,41,1,0,61.07,0.88,0.88,True
EXP-0044,1846,autumn,Eastern Caves,17,15,False,deep_cave,15,1,0,41.61,0.93,0.9,True
EXP-0137,1851,autumn,Eastern Caves,17,2,False,amalgam_extraction,24,5,1,256.7,0.87,0.86,True
EXP-0780,1853,winter,Deep Quarry,19,1,True,amalgam_extraction,15,12,1,68.28,0.94,0.72,True
EXP-0488,1845,autumn,Eastern Caves,20,26,False,amalgam_extraction,21,4,1,188.29,0.84,1.0,True
EXP-0616,1847,summer,Surface Flats,23,24,False,surface_trap,34,2,3,129.61,0.59,0.97,True
EXP-0813,1852,autumn,Western Marsh,22,1,True,amalgam_extraction,17,4,1,16.24,0.69,0.55,False
EXP-0539,1856,winter,Surface Flats,21,1,False,surface_trap,25,6,2,33.67,0.9,0.83,True
EXP-0320,1852,spring,Dens Edge,8,1,False,deep_cave,25,6,0,62.14,0.84,0.87,True
EXP-0633,1845,autumn,Deep Quarry,18,9,False,general,17,9,0,28.81,0.84,0.81,True
EXP-0988,1851,winter,Western Marsh,9,1,True,deep_cave,27,4,0,28.51,0.87,0.8,True
EXP-0613,1853,summer,Dens Edge,25,11,False,surface_trap,13,6,0,45.54,0.72,0.75,True
EXP-0527,1843,spring,Miasto Border,9,8,False,deep_cave,27,0,0,23.24,0.93,0.88,True
EXP-0088,1850,autumn,Miasto Border,11,13,False,surface_trap,20,2,0,23.71,0.87,1.0,True
EXP-0821,1856,autumn,Surface Flats,19,4,False,surface_trap,24,4,0,53.09,0.98,0.98,True
EXP-0003,1857,winter,Western Marsh,21,11,False,amalgam_extraction,15,5,2,18.88,0.62,0.57,False
EXP-0360,1840,winter,Miasto Border,11,4,False,deep_cave,22,3,1,294.6,0.88,0.81,True
EXP-0605,1847,spring,Deep Quarry,13,12,False,deep_cave,22,3,0,61.12,0.78,0.77,True
EXP-0723,1843,autumn,Western Marsh,17,2,False,amalgam_extraction,20,9,0,108.59,0.8,0.92,True
EXP-0264,1851,spring,Miasto Border,11,9,True,deep_cave,14,1,0,28.71,0.87,0.85,True
EXP-0711,1845,autumn,Surface Flats,21,9,False,surface_trap,28,1,3,20.36,0.79,0.86,True
EXP-0212,1856,summer,Miasto Border,9,12,False,deep_cave,29,1,0,51.23,1.0,0.91,True
EXP-0886,1855,summer,Miasto Border,16,4,False,yeller_hunting,26,2,1,27.01,0.92,1.0,True
EXP-0007,1846,summer,Western Marsh,8,1,False,yeller_hunting,11,1,0,11.51,0.92,0.53,False
EXP-0387,1840,winter,Surface Flats,19,7,False,surface_trap,24,2,0,13.12,0.95,0.55,False
EXP-0906,1846,summer,Surface Flats,25,27,False,general,24,2,0,284.68,0.94,0.93,True
EXP-0544,1843,autumn,Miasto Border,12,4,False,deep_cave,27,1,0,12.87,0.89,0.53,False
EXP-0799,1846,autumn,Deep Quarry,18,9,False,deep_cave,27,11,8,121.73,0.42,0.41,False
EXP-0707,1840,winter,Dens Edge,8,1,False,surface_trap,8,8,0,10.36,0.75,0.65,False
EXP-0528,1841,autumn,Western Marsh,11,23,False,surface_trap,17,3,0,16.24,0.78,0.45,False
EXP-0100,1859,winter,Western Marsh,11,1,False,surface_trap,14,4,0,25.66,0.98,0.83,True
EXP-0271,1849,summer,Surface Flats,11,5,True,general,18,2,0,3.4,0.96,0.57,False
EXP-0442,1851,autumn,Western Marsh,17,1,False,general,19,2,3,158.87,0.61,0.71,True
EXP-0444,1854,winter,Western Marsh,18,5,False,surface_trap,21,5,2,213.69,0.61,0.85,True
EXP-0796,1847,winter,Miasto Border,23,6,True,yeller_hunting,19,2,0,45.93,0.97,0.94,True
EXP-0378,1850,autumn,Eastern Caves,24,5,False,amalgam_extraction,29,6,1,276.17,0.83,0.85,True
EXP-0241,1858,summer,Surface Flats,18,1,False,surface_trap,26,2,2,12.66,0.79,0.66,False
EXP-0762,1856,spring,Miasto Border,15,13,False,general,22,1,0,33.43,0.93,0.95,True
EXP-0727,1843,spring,Dens Edge,8,12,True,surface_trap,14,8,0,328.57,0.78,0.89,True
EXP-0964,1860,summer,Eastern Caves,11,1,False,surface_trap,27,2,3,102.88,0.71,0.84,True
EXP-0529,1843,spring,Deep Quarry,9,1,False,amalgam_extraction,27,5,4,200.13,0.37,0.1,False
EXP-0861,1851,spring,Eastern Caves,11,1,False,deep_cave,14,3,0,26.77,0.9,0.97,True
EXP-0664,1845,winter,Western Marsh,23,1,False,surface_trap,14,3,4,49.22,0.53,0.78,True
EXP-0032,1842,winter,Deep Quarry,25,6,False,general,13,7,5,92.13,0.64,0.72,True
EXP-0028,1856,spring,Western Marsh,9,1,False,amalgam_extraction,30,1,0,450.09,0.75,0.93,True
EXP-0214,1854,summer,Miasto Border,10,3,False,yeller_hunting,20,1,3,29.21,0.62,0.45,False
EXP-0977,1859,summer,Western Marsh,10,11,False,surface_trap,16,2,0,30.0,0.74,1.0,True
EXP-0011,1853,spring,Surface Flats,15,13,False,surface_trap,19,1,0,10.88,0.73,0.72,False
EXP-0198,1858,summer,Dens Edge,22,10,False,yeller_hunting,15,1,0,30.49,0.7,0.91,True
EXP-0185,1840,winter,Dens Edge,22,20,False,deep_cave,27,10,6,172.81,0.66,0.79,True
EXP-0172,1854,winter,Deep Quarry,16,41,True,general,18,8,0,75.65,0.96,0.87,True
EXP-0127,1844,spring,Miasto Border,20,9,False,deep_cave,25,1,0,60.86,0.88,0.83,True
EXP-0143,1859,spring,Miasto Border,15,1,False,yeller_hunting,11,2,3,65.77,0.59,0.87,True
EXP-0125,1845,autumn,Eastern Caves,11,2,False,general,7,9,5,227.93,0.4,0.49,False
EXP-0348,1854,winter,Dens Edge,25,9,False,surface_trap,15,10,2,171.54,0.75,0.82,True
EXP-0615,1850,spring,Deep Quarry,21,1,False,deep_cave,21,9,2,140.73,0.76,1.0,True
EXP-0904,1859,summer,Eastern Caves,20,1,False,yeller_hunting,7,5,3,44.34,0.63,0.92,True
EXP-0767,1860,winter,Western Marsh,13,4,False,yeller_hunting,21,6,0,40.05,0.71,0.74,True
EXP-0658,1853,winter,Western Marsh,24,8,True,deep_cave,13,5,0,106.52,0.99,0.93,True
EXP-0067,1845,spring,Western Marsh,25,19,False,yeller_hunting,16,3,0,125.56,0.78,0.83,True
EXP-0646,1850,autumn,Miasto Border,14,2,False,surface_trap,19,0,0,60.72,0.78,0.96,True
EXP-0309,1841,spring,Miasto Border,11,13,False,surface_trap,7,2,0,2.99,0.9,0.67,False
EXP-0997,1852,autumn,Western Marsh,20,8,True,deep_cave,33,3,3,354.53,0.83,0.91,True
EXP-0855,1859,autumn,Deep Quarry,15,3,False,deep_cave,13,5,3,86.59,0.7,0.97,True
EXP-0269,1858,autumn,Surface Flats,10,10,False,surface_trap,17,1,3,4.18,0.51,0.49,False
EXP-0909,1851,winter,Miasto Border,9,4,False,surface_trap,31,3,0,135.79,0.78,0.84,True
EXP-0950,1847,winter,Miasto Border,20,3,False,deep_cave,13,4,1,57.66,0.76,0.97,True
EXP-0022,1859,autumn,Eastern Caves,22,1,True,yeller_hunting,20,6,6,111.61,0.7,0.9,True
EXP-0151,1847,summer,Dens Edge,17,1,False,amalgam_extraction,21,4,0,205.26,0.79,0.93,True
EXP-0115,1851,winter,Miasto Border,20,6,False,amalgam_extraction,25,0,0,89.44,0.75,0.98,True
EXP-0492,1846,autumn,Deep Quarry,10,3,True,amalgam_extraction,20,1,1,174.02,0.76,0.83,True
EXP-0026,1847,summer,Surface Flats,25,2,False,surface_trap,16,1,0,100.97,0.96,0.75,True
EXP-0451,1846,summer,Western Marsh,20,20,False,general,27,0,0,474.18,0.72,1.0,True
EXP-0380,1846,summer,Deep Quarry,14,19,False,amalgam_extraction,11,4,8,46.67,0.26,0.3,False
EXP-0342,1859,autumn,Miasto Border,9,7,True,general,21,2,0,28.18,0.82,0.94,True
EXP-0647,1855,autumn,Western Marsh,21,1,False,deep_cave,28,2,0,133.29,0.88,1.0,True
EXP-0698,1857,summer,Dens Edge,25,15,False,amalgam_extraction,16,11,3,108.29,0.86,0.84,True
EXP-0425,1845,winter,Dens Edge,13,2,False,amalgam_extraction,29,5,0,187.27,0.83,0.88,True
EXP-0644,1841,summer,Miasto Border,9,5,False,yeller_hunting,21,1,0,28.43,0.96,0.85,True
EXP-0769,1860,summer,Western Marsh,12,3,False,deep_cave,12,4,0,7.28,0.74,0.55,False
EXP-0738,1840,winter,Deep Quarry,16,1,False,deep_cave,17,8,5,47.55,0.51,0.33,False
EXP-0618,1860,winter,Surface Flats,24,3,False,general,19,3,4,115.64,0.57,1.0,True
EXP-0453,1849,spring,Miasto Border,24,32,True,surface_trap,30,5,0,113.86,0.74,0.84,True
EXP-0436,1854,autumn,Western Marsh,20,2,False,surface_trap,33,6,1,63.41,0.84,0.85,True
EXP-0176,1853,autumn,Dens Edge,11,24,False,amalgam_extraction,12,5,0,23.89,0.76,0.92,True
EXP-0970,1841,autumn,Surface Flats,18,6,False,general,33,2,0,5.38,0.91,0.63,False
EXP-0441,1849,spring,Western Marsh,20,1,False,general,24,3,0,10.41,0.72,0.69,False
EXP-0384,1859,autumn,Surface Flats,19,1,False,surface_trap,31,4,0,102.02,0.94,0.99,True
EXP-0054,1851,autumn,Western Marsh,17,1,False,yeller_hunting,16,2,0,11.05,0.99,0.52,False
EXP-0062,1844,autumn,Surface Flats,13,9,False,surface_trap,22,3,0,281.52,0.94,0.73,True
EXP-0280,1840,autumn,Eastern Caves,14,1,False,surface_trap,29,5,0,137.64,0.92,0.89,True
EXP-0772,1847,summer,Miasto Border,13,1,True,amalgam_extraction,14,1,0,57.9,0.71,0.91,True
EXP-0148,1856,summer,Deep Quarry,16,1,False,deep_cave,23,8,8,440.95,0.34,0.35,False
EXP-0087,1841,summer,Deep Quarry,13,2,False,deep_cave,10,0,0,58.04,0.71,0.8,True
EXP-0617,1851,winter,Dens Edge,22,6,False,deep_cave,22,6,3,173.32,0.8,0.95,True
EXP-0357,1858,spring,Dens Edge,15,10,False,surface_trap,13,5,5,207.26,0.59,0.45,False
EXP-0546,1842,spring,Western Marsh,10,3,False,surface_trap,7,1,0,3.95,0.74,0.53,False
EXP-0589,1844,spring,Surface Flats,16,17,False,surface_trap,25,2,0,40.43,0.87,0.82,True
EXP-0390,1843,summer,Eastern Caves,25,4,False,general,24,0,0,12.65,0.91,0.58,False
EXP-0227,1847,winter,Miasto Border,24,1,True,yeller_hunting,11,2,0,28.21,0.88,0.64,True
EXP-0547,1859,autumn,Surface Flats,16,2,False,surface_trap,26,3,0,8.64,0.7,0.64,False
EXP-0262,1846,autumn,Eastern Caves,13,4,False,general,27,2,0,80.31,0.98,0.87,True
EXP-0494,1848,summer,Western Marsh,11,16,False,surface_trap,16,0,0,844.97,0.91,0.82,True
EXP-0719,1850,summer,Miasto Border,10,11,False,yeller_hunting,15,0,0,27.13,0.88,0.84,True
EXP-0650,1849,autumn,Miasto Border,13,5,False,deep_cave,32,3,0,243.59,0.7,0.81,True
EXP-0500,1856,autumn,Eastern Caves,15,19,False,surface_trap,26,1,0,403.98,0.85,0.97,True
EXP-0235,1853,winter,Dens Edge,14,6,False,yeller_hunting,10,14,7,40.37,0.47,0.54,False
EXP-0217,1855,winter,Deep Quarry,20,1,False,general,30,9,5,42.64,0.6,0.74,True
EXP-0157,1843,winter,Western Marsh,10,3,False,deep_cave,31,6,1,94.55,0.84,0.91,True
EXP-0424,1853,winter,Surface Flats,21,10,True,surface_trap,18,3,0,87.06,0.97,0.71,True
EXP-0935,1853,spring,Western Marsh,9,1,False,general,28,2,1,14.79,0.69,0.53,False
EXP-0853,1847,autumn,Surface Flats,15,1,False,surface_trap,15,1,0,36.9,0.79,0.98,True
EXP-0797,1854,winter,Western Marsh,9,9,True,amalgam_extraction,19,2,0,49.3,0.91,1.0,True
EXP-0210,1850,autumn,Dens Edge,25,1,False,general,30,8,2,71.28,0.68,0.7,True
EXP-0197,1853,winter,Deep Quarry,20,5,False,amalgam_extraction,19,5,0,112.96,0.73,0.8,True
EXP-0359,1859,summer,Deep Quarry,10,1,True,amalgam_extraction,25,4,0,78.69,0.94,0.88,True
EXP-0764,1841,spring,Eastern Caves,25,18,False,general,12,2,0,9.01,1.0,0.72,False
EXP-0147,1849,summer,Deep Quarry,9,10,False,general,9,5,0,142.5,0.79,0.97,True
EXP-0228,1859,spring,Miasto Border,10,15,False,deep_cave,11,1,1,61.84,0.65,0.93,True
EXP-0993,1847,autumn,Miasto Border,17,8,False,deep_cave,18,2,0,56.5,0.85,0.78,True
EXP-0994,1856,winter,Deep Quarry,12,13,False,amalgam_extraction,19,8,0,169.22,0.98,0.94,True
EXP-0851,1844,autumn,Western Marsh,15,1,False,yeller_hunting,13,5,0,212.5,0.94,0.91,True
EXP-0396,1855,winter,Western Marsh,15,1,False,amalgam_extraction,33,3,3,195.45,0.56,0.79,True
EXP-0274,1855,summer,Surface Flats,23,5,False,surface_trap,24,1,0,117.26,0.8,1.0,True
EXP-0253,1854,autumn,Deep Quarry,18,4,False,amalgam_extraction,30,9,1,282.05,0.75,0.76,True
EXP-0567,1843,winter,Miasto Border,9,8,False,general,7,0,0,1.7,0.95,0.57,False
EXP-0976,1850,spring,Deep Quarry,25,1,False,general,27,4,4,355.29,0.73,0.97,True
EXP-0434,1858,summer,Deep Quarry,9,5,False,general,13,6,2,30.82,0.66,0.62,True
EXP-0168,1847,spring,Dens Edge,25,13,False,amalgam_extraction,18,3,0,82.59,0.99,0.85,True
EXP-0153,1845,spring,Deep Quarry,11,2,True,deep_cave,20,3,0,45.78,0.81,0.96,True
EXP-0043,1847,spring,Western Marsh,20,3,False,general,17,4,0,5.27,0.77,0.57,False
EXP-0472,1852,winter,Deep Quarry,25,8,False,deep_cave,20,12,0,65.44,0.88,1.0,True
EXP-0002,1851,summer,Dens Edge,19,1,False,surface_trap,17,3,0,380.71,0.86,0.89,True
EXP-0459,1855,summer,Dens Edge,17,8,False,surface_trap,9,1,0,16.06,0.85,0.75,False
EXP-0406,1853,spring,Eastern Caves,14,15,False,general,22,4,0,239.0,0.92,0.84,True
EXP-0240,1842,autumn,Surface Flats,15,10,False,surface_trap,15,2,3,2.66,0.63,0.6,False
EXP-0991,1844,summer,Eastern Caves,10,8,True,general,22,6,2,109.46,0.52,0.69,True
EXP-0901,1844,summer,Dens Edge,12,1,False,surface_trap,32,2,3,240.36,0.74,0.74,True
EXP-0042,1850,autumn,Surface Flats,14,1,True,surface_trap,32,2,0,62.2,0.74,0.94,True
EXP-0220,1859,summer,Surface Flats,16,6,False,general,11,1,0,31.17,0.8,0.71,True
EXP-0838,1849,summer,Miasto Border,14,5,False,deep_cave,25,2,0,416.06,0.8,0.87,True
EXP-0267,1845,summer,Miasto Border,12,3,False,surface_trap,17,2,0,7.07,0.8,0.64,False
EXP-0557,1848,autumn,Surface Flats,19,5,False,general,28,1,1,9.15,0.88,0.5,False
EXP-0473,1845,autumn,Eastern Caves,23,6,False,deep_cave,23,4,1,50.3,0.8,0.87,True
EXP-0159,1856,winter,Deep Quarry,16,1,False,deep_cave,13,2,0,157.85,0.95,0.83,True
EXP-0266,1852,summer,Dens Edge,16,1,False,surface_trap,17,6,1,58.03,0.93,1.0,True
EXP-0145,1845,spring,Western Marsh,17,1,False,amalgam_extraction,13,0,0,18.18,0.71,0.67,False
EXP-0202,1855,winter,Surface Flats,9,3,False,surface_trap,24,3,0,10.86,0.82,0.6,False
EXP-0414,1858,winter,Deep Quarry,13,3,False,amalgam_extraction,22,10,2,124.28,0.82,0.98,True
EXP-0660,1841,winter,Deep Quarry,21,1,False,deep_cave,9,8,6,35.71,0.63,0.76,True
EXP-0081,1854,spring,Eastern Caves,23,1,False,yeller_hunting,7,2,0,13.09,0.8,0.58,False
EXP-0563,1858,winter,Eastern Caves,12,1,False,yeller_hunting,16,8,3,12.78,0.64,0.43,False
EXP-0328,1840,autumn,Surface Flats,17,10,False,general,7,2,1,1.8,0.85,0.54,False
EXP-0046,1857,summer,Western Marsh,22,6,False,surface_trap,12,1,0,93.66,0.74,0.83,True
EXP-0397,1850,autumn,Miasto Border,17,15,False,surface_trap,7,1,0,26.28,0.74,0.99,True
EXP-0699,1846,spring,Dens Edge,16,4,False,deep_cave,14,7,1,198.09,0.88,0.72,True
EXP-0394,1852,spring,Deep Quarry,13,1,False,deep_cave,15,12,0,101.56,0.97,0.7,True
EXP-0810,1851,autumn,Dens Edge,14,1,False,surface_trap,19,10,1,37.6,0.83,0.8,True
EXP-0800,1842,winter,Deep Quarry,17,15,False,general,20,7,0,168.3,0.77,0.89,True
EXP-0817,1846,summer,Surface Flats,8,9,False,surface_trap,19,1,0,42.15,0.85,0.92,True
EXP-0315,1850,spring,Surface Flats,10,11,False,general,24,0,0,84.86,0.75,0.9,True
EXP-0597,1859,summer,Western Marsh,21,10,False,general,13,4,2,8.14,0.75,0.52,False
EXP-0822,1842,spring,Surface Flats,19,4,False,surface_trap,26,0,0,33.66,0.84,0.98,True
EXP-0986,1859,summer,Eastern Caves,23,2,False,general,22,1,0,24.71,0.74,0.78,True
EXP-0126,1849,summer,Dens Edge,23,11,False,general,27,2,0,72.79,0.78,0.99,True
EXP-0060,1856,winter,Eastern Caves,20,10,False,surface_trap,21,6,0,46.28,0.82,1.0,True
EXP-0183,1848,autumn,Surface Flats,21,4,False,surface_trap,22,1,0,45.41,0.72,0.88,True
EXP-0627,1849,winter,Deep Quarry,14,1,True,amalgam_extraction,22,9,3,39.53,0.58,0.73,True
EXP-0037,1847,summer,Surface Flats,8,1,True,surface_trap,37,1,0,45.24,0.88,0.85,True
EXP-0805,1840,summer,Dens Edge,16,2,False,yeller_hunting,21,4,3,47.27,0.64,0.84,True
EXP-0362,1849,spring,Miasto Border,10,1,True,deep_cave,20,2,0,81.77,0.97,0.95,True
EXP-0846,1856,winter,Deep Quarry,23,2,False,amalgam_extraction,25,9,1,35.44,0.95,1.0,True
EXP-0330,1841,winter,Eastern Caves,23,7,False,surface_trap,26,5,0,26.5,0.98,0.68,True
EXP-0984,1848,winter,Eastern Caves,22,3,False,amalgam_extraction,18,6,0,294.63,0.84,0.8,True
EXP-0612,1852,summer,Surface Flats,24,4,False,surface_trap,19,2,0,15.01,0.7,0.51,False
EXP-0741,1855,winter,Surface Flats,23,1,False,surface_trap,31,4,0,74.91,1.0,0.98,True
EXP-0113,1845,summer,Dens Edge,25,3,False,surface_trap,19,6,3,144.1,0.75,0.79,True
EXP-0610,1858,winter,Surface Flats,8,2,False,general,25,4,0,34.52,0.79,0.88,True
EXP-0890,1853,spring,Western Marsh,24,14,False,yeller_hunting,25,4,2,76.54,0.66,0.96,True
EXP-0001,1846,winter,Miasto Border,22,9,False,surface_trap,22,1,0,150.77,0.94,0.85,True
EXP-0448,1849,autumn,Deep Quarry,13,8,True,deep_cave,15,8,6,51.35,0.29,0.38,False
EXP-0415,1850,winter,Western Marsh,10,13,True,surface_trap,16,5,0,234.6,0.89,0.78,True
EXP-0873,1845,autumn,Deep Quarry,24,4,False,general,28,3,1,240.67,0.9,0.81,True
EXP-0515,1846,summer,Dens Edge,22,4,False,deep_cave,21,2,0,731.15,0.79,1.0,True
EXP-0251,1855,winter,Surface Flats,19,1,False,surface_trap,24,3,2,45.35,0.88,0.82,True
EXP-0581,1840,autumn,Miasto Border,24,10,False,deep_cave,26,0,0,55.67,0.94,0.92,True
EXP-0778,1852,autumn,Eastern Caves,17,9,False,amalgam_extraction,26,4,0,229.45,0.99,0.87,True
EXP-0136,1847,spring,Dens Edge,11,16,False,amalgam_extraction,22,4,0,182.37,0.89,0.91,True
EXP-0675,1858,spring,Deep Quarry,17,3,False,deep_cave,17,6,0,47.82,0.96,0.58,True
EXP-0806,1859,winter,Miasto Border,19,3,False,yeller_hunting,23,1,0,222.7,0.8,0.97,True
EXP-0398,1850,spring,Surface Flats,17,1,False,general,8,1,0,19.86,0.81,0.65,False
EXP-0692,1849,summer,Deep Quarry,9,12,False,deep_cave,39,2,0,979.69,0.87,0.98,True
EXP-0456,1854,autumn,Dens Edge,25,1,False,yeller_hunting,21,7,1,344.19,0.83,0.84,True
EXP-0480,1842,autumn,Surface Flats,11,15,False,surface_trap,20,2,0,114.04,0.82,0.93,True
EXP-0287,1853,summer,Dens Edge,13,4,False,general,18,4,0,43.43,0.84,0.78,True
EXP-0173,1842,spring,Dens Edge,15,1,True,general,12,4,1,28.73,0.64,0.82,True
EXP-0791,1857,autumn,Surface Flats,13,3,False,general,12,2,0,9.43,0.85,0.75,False
EXP-0961,1846,spring,Surface Flats,25,2,False,surface_trap,18,3,0,10.4,0.86,0.61,False
EXP-0960,1859,winter,Western Marsh,12,17,False,yeller_hunting,30,1,0,99.12,0.7,0.98,True
EXP-0038,1840,winter,Dens Edge,15,12,False,yeller_hunting,12,11,0,13.93,0.76,0.71,False
EXP-0018,1855,spring,Surface Flats,8,4,False,surface_trap,34,3,0,148.04,0.72,1.0,True
EXP-0715,1851,summer,Eastern Caves,12,15,True,amalgam_extraction,17,3,0,90.48,0.92,0.81,True
EXP-0517,1856,autumn,Surface Flats,9,16,False,surface_trap,14,2,0,20.31,0.79,0.89,True
EXP-0203,1853,summer,Eastern Caves,19,1,False,amalgam_extraction,22,7,2,13.88,0.64,0.54,False
EXP-0531,1849,autumn,Eastern Caves,13,19,False,amalgam_extraction,13,1,0,79.7,0.95,0.86,True
EXP-0685,1854,autumn,Surface Flats,9,6,False,surface_trap,23,1,0,91.03,0.99,1.0,True
EXP-0071,1849,winter,Dens Edge,16,3,False,general,11,11,7,9.6,0.3,0.48,False
EXP-0718,1855,spring,Surface Flats,20,2,False,surface_trap,29,1,0,58.88,0.94,0.99,True
EXP-0099,1860,summer,Miasto Border,11,1,True,surface_trap,21,0,0,55.68,0.93,0.87,True
EXP-0922,1841,winter,Miasto Border,22,17,False,general,26,6,0,16.85,0.81,0.53,False
EXP-0175,1854,autumn,Miasto Border,24,10,False,surface_trap,20,4,0,11.81,0.96,0.63,False
EXP-0669,1842,winter,Western Marsh,17,3,False,surface_trap,16,4,0,18.02,0.97,0.74,False
EXP-0509,1846,summer,Dens Edge,12,12,False,general,15,5,2,113.89,0.57,0.73,True
EXP-0314,1847,autumn,Deep Quarry,25,3,False,general,22,5,6,37.33,0.62,0.84,True
EXP-0867,1850,winter,Eastern Caves,9,5,False,deep_cave,21,9,6,156.6,0.24,0.36,False
EXP-0263,1851,spring,Western Marsh,14,2,False,surface_trap,14,3,0,20.97,0.76,0.79,True
EXP-0439,1844,winter,Deep Quarry,12,1,False,amalgam_extraction,20,6,2,66.77,0.61,0.83,True
EXP-0474,1854,spring,Western Marsh,23,15,False,deep_cave,14,6,1,10.5,0.82,0.49,False
EXP-0897,1857,summer,Miasto Border,18,8,False,amalgam_extraction,10,1,0,393.35,0.89,0.93,True
EXP-0377,1854,winter,Dens Edge,21,18,True,deep_cave,10,11,0,45.66,0.82,1.0,True
EXP-0258,1856,autumn,Eastern Caves,11,9,False,surface_trap,24,4,0,124.57,0.85,0.75,True
EXP-0602,1843,winter,Eastern Caves,16,4,False,deep_cave,7,4,0,41.62,0.78,1.0,True
EXP-0045,1847,summer,Western Marsh,22,5,False,yeller_hunting,18,4,0,26.34,0.97,0.93,True
EXP-0460,1852,summer,Eastern Caves,15,1,False,amalgam_extraction,19,2,3,215.94,0.65,0.87,True
EXP-0034,1851,spring,Western Marsh,20,6,False,general,13,5,0,30.02,0.72,0.74,True
EXP-0335,1858,winter,Deep Quarry,24,4,False,amalgam_extraction,7,7,3,35.14,0.67,0.85,True
EXP-0570,1850,winter,Miasto Border,23,6,False,general,19,5,5,69.92,0.76,0.68,True
EXP-0479,1840,summer,Surface Flats,18,2,False,general,22,0,0,25.38,0.81,0.8,True
EXP-0293,1860,winter,Miasto Border,15,9,False,surface_trap,28,2,0,116.74,0.98,0.81,True
EXP-0648,1860,summer,Surface Flats,18,11,False,surface_trap,24,2,0,86.58,0.82,0.77,True
EXP-0433,1841,summer,Western Marsh,23,2,False,general,23,4,0,41.78,0.76,0.91,True
EXP-0047,1842,winter,Eastern Caves,19,1,False,general,21,2,0,75.93,0.96,0.77,True
EXP-0039,1840,winter,Dens Edge,14,5,False,deep_cave,13,9,6,19.35,0.52,0.4,False
EXP-0788,1855,spring,Miasto Border,22,3,False,surface_trap,18,1,0,75.83,0.77,0.62,True
EXP-0337,1859,summer,Western Marsh,9,4,False,deep_cave,23,2,1,59.93,0.82,1.0,True
EXP-0006,1854,autumn,Miasto Border,11,20,False,general,13,3,0,35.29,0.73,1.0,True
EXP-0678,1852,spring,Deep Quarry,11,8,False,deep_cave,27,3,0,451.97,0.84,1.0,True
EXP-0458,1857,summer,Dens Edge,9,1,False,yeller_hunting,29,6,0,58.31,0.98,0.88,True
EXP-0389,1852,winter,Surface Flats,13,1,False,general,31,1,0,26.96,0.88,0.89,True
EXP-0408,1847,spring,Miasto Border,8,26,False,amalgam_extraction,22,1,0,483.6,0.8,1.0,True
EXP-0801,1855,autumn,Dens Edge,16,23,False,surface_trap,22,14,2,52.97,0.69,0.78,True
EXP-0573,1860,winter,Surface Flats,19,1,False,general,19,2,0,16.33,0.86,0.53,False
EXP-0364,1848,autumn,Surface Flats,16,7,False,general,23,4,1,53.84,0.83,0.95,True
EXP-0759,1859,autumn,Surface Flats,25,9,False,surface_trap,25,4,2,49.92,0.73,0.85,True
EXP-0962,1843,spring,Dens Edge,21,2,False,general,11,6,3,6.55,0.57,0.65,False
EXP-0301,1844,winter,Dens Edge,9,61,True,deep_cave,21,4,0,373.11,0.73,0.79,True
EXP-0816,1856,summer,Miasto Border,24,3,False,yeller_hunting,22,1,0,90.76,0.77,0.74,True
EXP-0413,1853,autumn,Eastern Caves,13,7,False,amalgam_extraction,14,2,1,28.65,0.69,1.0,True
EXP-0717,1848,autumn,Dens Edge,8,3,False,amalgam_extraction,16,5,3,8.37,0.34,0.32,False
EXP-0996,1847,spring,Eastern Caves,18,30,False,yeller_hunting,15,4,1,282.06,0.78,1.0,True
EXP-0012,1840,winter,Western Marsh,12,1,False,yeller_hunting,24,2,0,35.39,0.72,0.97,True
EXP-0766,1844,autumn,Western Marsh,11,16,False,deep_cave,21,2,0,52.13,0.9,0.93,True
EXP-0068,1852,autumn,Eastern Caves,21,2,False,amalgam_extraction,17,8,3,245.78,0.71,0.9,True
EXP-0874,1847,summer,Surface Flats,9,24,False,surface_trap,21,3,0,8.7,0.76,0.67,False
EXP-0421,1858,summer,Surface Flats,12,1,False,general,12,2,2,7.34,0.56,0.56,False
EXP-0352,1848,winter,Western Marsh,21,2,False,yeller_hunting,20,3,0,17.17,0.8,0.69,False
EXP-0540,1843,spring,Western Marsh,24,4,False,surface_trap,22,3,0,114.92,0.96,0.89,True
EXP-0798,1841,spring,Dens Edge,14,8,True,general,17,7,4,91.82,0.43,0.65,True
EXP-0098,1845,autumn,Dens Edge,18,9,False,amalgam_extraction,22,3,2,69.3,0.74,0.71,True
EXP-0696,1853,spring,Dens Edge,12,7,False,yeller_hunting,12,4,1,170.03,0.81,0.7,True
EXP-0391,1858,winter,Dens Edge,23,2,False,general,15,8,2,83.01,0.91,0.91,True
EXP-0311,1851,winter,Surface Flats,24,1,False,general,26,3,1,97.51,0.73,0.94,True
EXP-0134,1860,summer,Dens Edge,20,3,False,deep_cave,21,4,5,36.6,0.52,0.89,True
EXP-0683,1856,spring,Dens Edge,24,6,False,general,29,10,3,235.34,0.69,0.64,True
EXP-0523,1856,summer,Deep Quarry,24,7,False,deep_cave,21,6,4,91.42,0.65,0.87,True
EXP-0657,1841,spring,Western Marsh,17,4,True,amalgam_extraction,15,3,0,301.65,0.94,0.81,True
EXP-0279,1844,winter,Deep Quarry,18,9,False,amalgam_extraction,19,5,5,79.87,0.67,0.87,True
EXP-0666,1860,spring,Eastern Caves,18,6,False,yeller_hunting,15,8,6,19.3,0.55,0.33,False
EXP-0565,1846,autumn,Miasto Border,8,12,False,surface_trap,27,2,0,62.49,0.71,0.96,True
EXP-0455,1852,summer,Surface Flats,12,6,False,surface_trap,36,0,0,29.65,0.71,0.96,True
EXP-0093,1847,summer,Surface Flats,18,2,False,surface_trap,33,0,0,64.36,0.97,0.9,True
EXP-0859,1845,spring,Eastern Caves,19,1,True,deep_cave,21,4,0,126.05,0.81,0.79,True
EXP-0837,1860,winter,Surface Flats,11,3,False,surface_trap,25,2,0,41.31,0.82,0.87,True
EXP-0229,1844,winter,Deep Quarry,16,5,False,general,21,11,6,28.19,0.42,0.53,False
EXP-0980,1845,summer,Miasto Border,10,1,False,general,15,5,0,14.18,0.97,0.6,False
EXP-0558,1856,autumn,Eastern Caves,15,1,False,surface_trap,13,4,2,223.83,0.79,0.87,True
EXP-0776,1849,winter,Eastern Caves,11,1,False,deep_cave,20,6,0,156.44,0.89,0.86,True
EXP-0921,1840,summer,Deep Quarry,11,4,False,general,16,4,3,170.91,0.56,0.78,True
EXP-0545,1851,spring,Deep Quarry,22,10,False,deep_cave,17,7,2,114.5,0.84,0.78,True
EXP-0588,1860,summer,Dens Edge,15,7,True,general,24,7,0,816.4,0.76,0.78,True
EXP-0535,1845,winter,Dens Edge,20,12,True,surface_trap,28,7,0,68.32,0.9,0.94,True
EXP-0140,1849,autumn,Deep Quarry,17,2,False,amalgam_extraction,29,2,0,108.81,0.72,0.84,True
EXP-0637,1857,summer,Surface Flats,11,15,False,general,27,3,0,473.97,0.9,1.0,True
EXP-0462,1855,summer,Western Marsh,11,3,False,amalgam_extraction,22,3,0,83.07,0.8,0.96,True
EXP-0419,1844,spring,Deep Quarry,22,7,False,amalgam_extraction,33,4,0,222.58,0.78,1.0,True
EXP-0828,1856,autumn,Eastern Caves,25,10,False,yeller_hunting,11,8,0,3.22,0.88,0.72,False
EXP-0020,1841,autumn,Western Marsh,14,1,False,amalgam_extraction,17,2,0,247.53,0.78,0.71,True
EXP-0554,1847,autumn,Western Marsh,12,14,False,surface_trap,21,2,0,42.49,0.73,0.89,True
EXP-0303,1851,autumn,Eastern Caves,23,3,False,amalgam_extraction,16,4,5,20.69,0.75,0.75,True
EXP-0963,1858,summer,Eastern Caves,13,6,False,surface_trap,10,4,0,141.28,0.9,0.78,True
EXP-0290,1851,winter,Surface Flats,20,7,False,surface_trap,21,2,0,33.25,0.71,0.77,True
EXP-0562,1854,summer,Eastern Caves,16,5,True,general,26,3,3,618.28,0.77,0.81,True
EXP-0075,1842,winter,Dens Edge,21,6,False,general,25,10,4,113.9,0.76,0.85,True
EXP-0131,1841,winter,Surface Flats,11,16,False,surface_trap,25,2,0,33.09,0.8,0.86,True
EXP-0373,1853,summer,Eastern Caves,23,1,False,surface_trap,23,1,0,24.64,0.83,1.0,True
EXP-0435,1843,summer,Eastern Caves,15,11,False,surface_trap,14,8,0,14.23,0.75,0.62,False
EXP-0663,1848,winter,Miasto Border,25,6,False,yeller_hunting,29,2,0,3.26,0.99,0.61,False
EXP-0760,1851,summer,Deep Quarry,22,5,False,general,21,3,4,195.91,0.56,0.86,True
EXP-0609,1854,spring,Surface Flats,10,1,False,general,27,1,0,27.59,0.87,1.0,True
EXP-0903,1856,summer,Western Marsh,17,2,False,yeller_hunting,28,1,0,291.88,0.82,0.85,True
EXP-0118,1852,autumn,Eastern Caves,12,1,False,deep_cave,7,7,0,51.98,0.82,0.73,True
EXP-0114,1848,spring,Miasto Border,24,6,False,general,11,2,3,12.58,0.75,0.47,False
EXP-0951,1842,autumn,Eastern Caves,8,20,False,surface_trap,25,9,6,60.86,0.0,0.34,False
EXP-0447,1841,summer,Dens Edge,18,7,False,deep_cave,7,5,0,26.38,0.82,0.96,True
EXP-0731,1855,autumn,Western Marsh,9,4,False,surface_trap,20,3,0,72.9,0.77,0.98,True
EXP-0803,1850,summer,Dens Edge,8,4,False,yeller_hunting,23,5,0,1465.81,0.88,1.0,True
EXP-0130,1851,spring,Western Marsh,24,5,True,deep_cave,22,2,0,40.7,0.92,0.87,True
EXP-0260,1841,autumn,Surface Flats,25,1,False,surface_trap,20,1,0,64.64,0.75,1.0,True
EXP-0693,1841,spring,Dens Edge,16,2,False,deep_cave,14,7,3,43.66,0.57,0.66,True
EXP-0440,1840,summer,Surface Flats,21,14,False,surface_trap,22,0,0,40.96,0.93,0.92,True
EXP-0174,1850,winter,Dens Edge,12,4,False,general,19,5,0,168.72,0.94,0.9,True
EXP-0485,1843,spring,Eastern Caves,14,1,False,yeller_hunting,42,3,0,65.13,0.84,0.9,True
EXP-0932,1851,summer,Surface Flats,20,3,False,surface_trap,38,2,0,2.45,0.79,0.57,False
EXP-0729,1854,summer,Deep Quarry,13,2,False,amalgam_extraction,18,5,0,215.65,0.82,0.98,True
EXP-0689,1859,spring,Deep Quarry,20,4,False,amalgam_extraction,13,9,0,79.04,0.8,0.9,True
EXP-0511,1847,winter,Miasto Border,15,6,False,deep_cave,8,4,1,12.65,0.81,0.47,False
EXP-0449,1852,summer,Eastern Caves,14,1,False,deep_cave,15,0,0,161.68,0.86,0.86,True
EXP-0411,1850,winter,Surface Flats,13,11,False,general,20,0,0,30.23,0.7,0.7,True
EXP-0052,1854,spring,Western Marsh,23,1,False,amalgam_extraction,19,5,2,5.88,0.67,0.43,False
EXP-0070,1854,summer,Western Marsh,9,1,False,deep_cave,18,3,1,61.92,0.79,0.81,True
EXP-0747,1854,winter,Surface Flats,16,2,False,surface_trap,11,2,0,9.18,0.96,0.42,False
EXP-0205,1844,winter,Deep Quarry,15,1,False,deep_cave,30,11,2,10.93,0.72,0.47,False
EXP-0077,1843,winter,Surface Flats,14,11,False,surface_trap,22,3,0,280.69,0.92,1.0,True
EXP-0524,1858,autumn,Miasto Border,14,5,False,yeller_hunting,25,2,3,53.69,0.63,0.87,True
EXP-0058,1845,spring,Surface Flats,23,8,True,general,33,2,0,109.47,0.74,1.0,True
EXP-0888,1859,autumn,Eastern Caves,14,1,False,general,16,9,2,12.63,0.56,0.48,False
EXP-0507,1841,autumn,Deep Quarry,17,13,False,deep_cave,20,6,2,169.79,0.82,0.89,True
EXP-0292,1845,spring,Western Marsh,10,7,False,amalgam_extraction,34,2,0,13.21,0.96,0.66,False
EXP-0590,1848,winter,Surface Flats,22,1,False,surface_trap,12,5,0,12.72,0.86,0.56,False
EXP-0774,1842,spring,Surface Flats,19,17,False,surface_trap,35,0,0,56.27,0.89,0.95,True
EXP-0866,1845,autumn,Miasto Border,21,10,False,deep_cave,24,3,0,242.26,0.7,0.93,True
EXP-0117,1848,spring,Surface Flats,10,9,False,general,21,0,0,9.16,0.87,0.59,False
EXP-0402,1856,summer,Dens Edge,8,4,False,deep_cave,31,4,0,429.0,0.85,0.94,True
EXP-0626,1846,spring,Miasto Border,24,1,False,general,19,0,0,238.19,0.94,0.88,True
EXP-0090,1853,winter,Deep Quarry,22,19,False,deep_cave,22,6,2,118.15,0.77,0.84,True
EXP-0150,1856,winter,Dens Edge,18,1,False,deep_cave,22,8,3,76.87,0.7,0.76,True
EXP-0299,1849,autumn,Western Marsh,10,1,False,general,27,2,0,167.41,0.92,0.64,True
EXP-0954,1854,spring,Western Marsh,9,3,False,amalgam_extraction,23,3,2,49.36,0.65,0.88,True
EXP-0771,1844,spring,Surface Flats,24,4,False,surface_trap,20,0,0,18.39,0.76,0.54,False
EXP-0537,1844,summer,Dens Edge,14,1,True,yeller_hunting,12,3,2,276.96,0.85,0.81,True
EXP-0333,1845,winter,Miasto Border,24,1,False,amalgam_extraction,7,3,2,48.04,0.86,0.87,True
EXP-0845,1848,summer,Western Marsh,17,2,False,general,19,0,0,9.99,0.77,0.67,False
EXP-0525,1857,spring,Eastern Caves,17,1,False,yeller_hunting,20,3,3,105.21,0.7,0.89,True
EXP-0514,1851,winter,Dens Edge,10,6,False,surface_trap,17,9,9,13.79,0.09,0.2,False
EXP-0653,1855,autumn,Deep Quarry,18,1,False,deep_cave,21,10,3,29.61,0.75,0.81,True
EXP-0031,1849,winter,Western Marsh,17,10,True,amalgam_extraction,20,3,0,91.43,0.81,0.85,True
EXP-0779,1843,spring,Deep Quarry,17,17,False,deep_cave,24,9,5,339.91,0.71,0.89,True
EXP-0418,1842,autumn,Eastern Caves,24,5,False,yeller_hunting,26,9,5,37.76,0.71,0.89,True
EXP-0571,1846,spring,Dens Edge,23,10,False,amalgam_extraction,20,3,0,45.3,0.84,0.99,True
EXP-0641,1844,autumn,Western Marsh,13,1,False,amalgam_extraction,19,2,0,197.9,0.98,0.94,True
EXP-1000,1846,autumn,Dens Edge,24,5,False,general,10,7,2,79.43,0.71,0.75,True
EXP-0949,1859,winter,Western Marsh,20,52,True,deep_cave,17,12,0,183.21,0.98,1.0,True
EXP-0155,1857,autumn,Dens Edge,8,7,True,surface_trap,19,9,3,239.99,0.41,0.25,False
EXP-0580,1841,winter,Dens Edge,8,4,False,yeller_hunting,16,13,1,160.46,0.82,0.85,True
EXP-0989,1855,summer,Dens Edge,8,14,True,amalgam_extraction,12,1,0,52.11,0.9,0.91,True
EXP-0631,1848,winter,Deep Quarry,8,3,False,deep_cave,29,8,0,145.94,0.87,0.77,True
EXP-0188,1853,autumn,Miasto Border,22,12,False,deep_cave,26,1,1,63.63,0.94,0.92,True
EXP-0319,1847,winter,Deep Quarry,8,17,False,amalgam_extraction,7,8,1,16.32,0.8,0.47,False
EXP-0056,1844,summer,Western Marsh,16,18,False,amalgam_extraction,29,2,0,810.05,0.99,0.83,True
EXP-0468,1847,winter,Western Marsh,24,1,False,surface_trap,30,4,1,113.88,0.72,0.8,True
EXP-0469,1846,summer,Miasto Border,11,1,False,surface_trap,26,3,0,30.14,0.8,0.9,True
EXP-0804,1859,summer,Dens Edge,8,2,False,yeller_hunting,26,7,0,90.22,0.95,0.97,True
EXP-0306,1848,spring,Surface Flats,24,8,False,surface_trap,27,0,0,43.72,0.89,1.0,True
