manuscript_id,attributed_author,attributed_school,is_forgery,true_author,word_count,avg_sentence_length,vocabulary_richness,philosophical_term_density,school_alignment_stone,school_alignment_water,school_alignment_pebble,era_marker_score,stylometric_variance,composition_year
MS-0204,Fibon Arrel,pebble_school,False,Fibon Arrel,3926,22.7,0.765,0.52,0.838,0.808,0.986,0.0157,0.1821,856
MS-0267,Grigsu Haldo,stone_school,True,Mink Pavar,2671,23.1,0.784,0.501,0.758,0.892,0.889,0.1485,0.1985,873
MS-0153,Yasho Krent,water_school,False,Yasho Krent,7083,26.5,0.863,0.46,0.523,0.988,0.778,0.0588,0.0413,860
MS-0010,Grigsu Haldo,stone_school,False,Grigsu Haldo,2401,20.5,0.678,0.515,0.989,0.486,0.811,0.0375,0.0603,884
MS-0234,Boffa Trent,water_school,False,Boffa Trent,3481,31.1,0.863,0.492,0.599,0.983,0.856,0.0089,0.0007,898
MS-0227,Grigsu Haldo,stone_school,False,Grigsu Haldo,804,18.4,0.726,0.491,0.982,0.478,0.788,0.0076,0.0652,877
MS-0197,Fibon Arrel,pebble_school,False,Fibon Arrel,1868,23.8,0.7,0.495,0.749,0.86,0.972,0.0007,0.0379,834
MS-0110,Vagabu Olt,none,False,Vagabu Olt,6979,16.9,0.636,0.512,0.845,0.808,0.976,0.0025,0.0972,880
MS-0006,Eulr Voss,water_school,False,Eulr Voss,607,25.2,0.794,0.489,0.528,0.996,0.804,0.0052,0.0058,822
MS-0176,Fibon Arrel,pebble_school,False,Fibon Arrel,4417,19.0,0.742,0.591,0.843,0.809,0.991,0.0125,0.0003,860
MS-0238,Grigsu Haldo,stone_school,False,Grigsu Haldo,3091,20.4,0.682,0.523,0.997,0.542,0.849,0.0158,0.0332,877
MS-0058,Mink Pavar,water_school,False,Mink Pavar,37567,33.1,0.777,0.451,0.491,0.987,0.787,0.0257,0.015,900
MS-0219,Fibon Arrel,pebble_school,False,Fibon Arrel,9389,22.2,0.766,0.531,0.863,0.778,0.987,0.0101,0.0306,852
MS-0046,Eulr Voss,water_school,False,Eulr Voss,1606,27.0,0.71,0.462,0.531,0.99,0.804,0.0069,0.0115,827
MS-0183,Eulr Voss,water_school,False,Eulr Voss,961,24.2,0.837,0.472,0.585,0.989,0.843,0.009,0.0166,831
MS-0222,Boffa Trent,water_school,False,Boffa Trent,500,31.6,0.756,0.461,0.513,0.982,0.763,0.0084,0.0481,888
MS-0290,Grigsu Haldo,stone_school,True,Mink Pavar,1560,21.9,0.761,0.46,0.876,0.802,0.934,0.1035,0.3252,880
MS-0212,Fibon Arrel,pebble_school,False,Fibon Arrel,6312,22.1,0.698,0.55,0.833,0.754,0.988,0.0228,0.0564,847
MS-0149,Mink Pavar,water_school,False,Mink Pavar,9217,27.6,0.903,0.404,0.505,0.978,0.782,0.0081,0.0903,908
MS-0166,Eulr Voss,water_school,False,Eulr Voss,3548,24.6,0.746,0.463,0.518,0.988,0.818,0.0146,0.0126,837
MS-0079,Mink Pavar,water_school,False,Mink Pavar,2400,30.9,0.843,0.444,0.555,0.983,0.837,0.0019,0.0435,904
MS-0114,Vagabu Olt,none,False,Vagabu Olt,6701,14.3,0.722,0.514,0.823,0.839,0.954,0.0095,0.0247,883
MS-0250,Grigsu Haldo,stone_school,False,Grigsu Haldo,2690,21.5,0.736,0.58,0.99,0.576,0.848,0.0687,0.0278,879
MS-0251,Yasho Krent,water_school,False,Yasho Krent,5309,24.7,0.791,0.442,0.55,0.961,0.76,0.0172,0.0038,870
MS-0105,Mink Pavar,water_school,False,Mink Pavar,6921,32.5,0.864,0.427,0.47,0.988,0.753,0.0136,0.049,895
MS-0043,Vagabu Olt,none,False,Vagabu Olt,895,14.8,0.599,0.468,0.803,0.885,0.941,0.0032,0.1623,891
MS-0282,Grigsu Haldo,stone_school,True,Mink Pavar,2277,20.8,0.76,0.546,0.874,0.836,0.884,0.1642,0.176,867
MS-0296,Grigsu Haldo,stone_school,True,Mink Pavar,5492,21.8,0.808,0.424,0.85,0.869,0.962,0.2344,0.1392,878
MS-0158,Grigsu Haldo,stone_school,False,Grigsu Haldo,1423,15.2,0.706,0.481,0.995,0.49,0.826,0.0195,0.0457,879
MS-0239,Mink Pavar,water_school,False,Mink Pavar,3827,29.2,0.852,0.427,0.514,0.993,0.789,0.0575,0.0134,894
MS-0018,Fibon Arrel,pebble_school,False,Fibon Arrel,7168,20.8,0.671,0.55,0.809,0.798,0.989,0.0171,0.1409,864
MS-0165,Grigsu Haldo,stone_school,False,Grigsu Haldo,2009,19.3,0.734,0.511,0.985,0.511,0.826,0.0124,0.0211,889
MS-0034,Eulr Voss,water_school,False,Eulr Voss,9739,25.9,0.748,0.449,0.558,0.979,0.835,0.0056,0.0083,813
MS-0025,Grigsu Haldo,stone_school,False,Grigsu Haldo,3566,18.2,0.829,0.577,0.988,0.601,0.893,0.0042,0.0162,872
MS-0216,Mink Pavar,water_school,False,Mink Pavar,1616,30.0,0.765,0.45,0.492,0.989,0.746,0.0066,0.0371,897
MS-0120,Vagabu Olt,none,False,Vagabu Olt,3032,14.5,0.617,0.555,0.841,0.884,0.957,0.0202,0.0001,892
MS-0008,Grigsu Haldo,stone_school,False,Grigsu Haldo,1543,18.1,0.686,0.587,0.987,0.555,0.855,0.0325,0.0139,869
MS-0091,Boffa Trent,water_school,False,Boffa Trent,6371,29.1,0.753,0.385,0.463,0.971,0.77,0.0048,0.0383,888
MS-0047,Eulr Voss,water_school,False,Eulr Voss,8870,28.3,0.807,0.483,0.59,0.987,0.827,0.0734,0.0124,833
MS-0074,Grigsu Haldo,stone_school,False,Grigsu Haldo,4931,21.6,0.726,0.477,0.984,0.468,0.813,0.0042,0.0089,887
MS-0094,Mink Pavar,water_school,False,Mink Pavar,2685,30.0,0.849,0.415,0.528,0.976,0.762,0.011,0.0036,906
MS-0077,Eulr Voss,water_school,False,Eulr Voss,8364,26.3,0.768,0.386,0.441,0.978,0.728,0.0193,0.0552,818
MS-0287,Fibon Arrel,pebble_school,True,Mink Pavar,741,22.3,0.787,0.604,0.78,0.902,0.936,0.4909,0.3115,863
MS-0061,Mink Pavar,water_school,False,Mink Pavar,3473,28.5,0.87,0.49,0.528,0.99,0.806,0.0554,0.0054,906
MS-0078,Vagabu Olt,none,False,Vagabu Olt,1702,16.5,0.653,0.501,0.93,0.768,0.951,0.0251,0.0687,880
MS-0064,Vagabu Olt,none,False,Vagabu Olt,1266,17.1,0.64,0.494,0.787,0.892,0.964,0.0295,0.0749,883
MS-0235,Eulr Voss,water_school,False,Eulr Voss,6625,26.2,0.74,0.445,0.459,0.988,0.785,0.0077,0.0509,818
MS-0230,Vagabu Olt,none,False,Vagabu Olt,10181,13.3,0.636,0.541,0.837,0.872,0.935,0.018,0.0221,892
MS-0112,Mink Pavar,water_school,False,Mink Pavar,2115,29.9,0.87,0.45,0.541,0.994,0.797,0.0114,0.0476,896
MS-0232,Grigsu Haldo,stone_school,False,Grigsu Haldo,3829,17.4,0.702,0.509,0.985,0.494,0.818,0.0038,0.1419,867
MS-0181,Boffa Trent,water_school,False,Boffa Trent,2809,31.2,0.778,0.456,0.489,0.991,0.803,0.0013,0.094,887
MS-0145,Eulr Voss,water_school,False,Eulr Voss,3469,25.5,0.834,0.455,0.476,0.992,0.788,0.0002,0.0345,819
MS-0240,Fibon Arrel,pebble_school,False,Fibon Arrel,1892,23.8,0.67,0.55,0.851,0.805,0.991,0.0159,0.0905,865
MS-0076,Grigsu Haldo,stone_school,False,Grigsu Haldo,5088,18.8,0.659,0.572,0.993,0.584,0.869,0.0287,0.0825,873
MS-0298,Fibon Arrel,pebble_school,True,Mink Pavar,952,27.6,0.796,0.467,0.706,0.921,0.941,0.7668,0.6187,861
MS-0279,Grigsu Haldo,stone_school,True,Mink Pavar,1846,20.3,0.867,0.525,0.876,0.808,0.872,0.4686,0.0855,878
MS-0098,Fibon Arrel,pebble_school,False,Fibon Arrel,4765,26.3,0.689,0.57,0.792,0.832,0.986,0.0259,0.0142,830
MS-0093,Grigsu Haldo,stone_school,False,Grigsu Haldo,4324,18.5,0.771,0.515,0.988,0.514,0.805,0.0889,0.0056,887
MS-0193,Grigsu Haldo,stone_school,False,Grigsu Haldo,1395,21.7,0.738,0.517,0.991,0.441,0.777,0.0068,0.0379,879
MS-0026,Yasho Krent,water_school,False,Yasho Krent,1561,23.0,0.842,0.388,0.452,0.986,0.732,0.0503,0.0435,869
MS-0233,Grigsu Haldo,stone_school,False,Grigsu Haldo,3591,16.7,0.736,0.565,0.987,0.569,0.856,0.004,0.0424,866
MS-0060,Mink Pavar,water_school,False,Mink Pavar,7237,29.4,0.86,0.477,0.604,0.989,0.824,0.0001,0.0354,906
MS-0007,Grigsu Haldo,stone_school,False,Grigsu Haldo,1485,17.2,0.678,0.504,0.985,0.525,0.842,0.0249,0.0596,869
MS-0186,Eulr Voss,water_school,False,Eulr Voss,2432,24.6,0.794,0.457,0.526,0.99,0.805,0.0414,0.0123,831
MS-0174,Yasho Krent,water_school,False,Yasho Krent,2629,22.7,0.765,0.481,0.594,0.985,0.839,0.0237,0.0106,872
MS-0031,Yasho Krent,water_school,False,Yasho Krent,999,25.5,0.779,0.48,0.475,0.991,0.781,0.0233,0.0328,889
MS-0023,Mink Pavar,water_school,False,Mink Pavar,2424,30.8,0.906,0.445,0.454,0.989,0.761,0.0095,0.0329,913
MS-0257,Eulr Voss,water_school,True,Mink Pavar,7437,29.9,0.847,0.416,0.51,0.974,0.835,0.174,0.1313,815
MS-0057,Boffa Trent,water_school,False,Boffa Trent,2036,33.3,0.688,0.466,0.501,0.98,0.83,0.0455,0.2805,880
MS-0187,Boffa Trent,water_school,False,Boffa Trent,4572,34.6,0.668,0.403,0.476,0.989,0.768,0.0034,0.0715,869
MS-0109,Boffa Trent,water_school,False,Boffa Trent,511,30.0,0.642,0.423,0.522,0.989,0.779,0.0036,0.0408,883
MS-0127,Mink Pavar,water_school,False,Mink Pavar,1086,26.7,0.938,0.472,0.632,0.978,0.855,0.0101,0.0112,902
MS-0231,Eulr Voss,water_school,False,Eulr Voss,2744,24.3,0.829,0.504,0.644,0.98,0.859,0.0188,0.0664,822
MS-0194,Yasho Krent,water_school,False,Yasho Krent,1888,26.1,0.85,0.461,0.527,0.98,0.825,0.0102,0.1143,884
MS-0130,Vagabu Olt,none,False,Vagabu Olt,2276,14.9,0.642,0.56,0.876,0.827,0.96,0.013,0.001,898
MS-0283,Grigsu Haldo,stone_school,True,Mink Pavar,12494,22.6,0.788,0.484,0.828,0.877,0.917,0.1708,0.1711,877
MS-0083,Yasho Krent,water_school,False,Yasho Krent,5082,21.4,0.867,0.502,0.556,0.986,0.827,0.0091,0.0256,865
MS-0085,Grigsu Haldo,stone_school,False,Grigsu Haldo,2951,18.4,0.674,0.539,0.988,0.501,0.829,0.0004,0.1828,884
MS-0067,Fibon Arrel,pebble_school,False,Fibon Arrel,9924,23.5,0.661,0.527,0.878,0.749,0.985,0.0022,0.0092,840
MS-0289,Grigsu Haldo,stone_school,True,Mink Pavar,4201,20.8,0.732,0.547,0.89,0.803,0.902,0.1051,0.1996,888
MS-0164,Boffa Trent,water_school,False,Boffa Trent,1042,30.7,0.819,0.47,0.535,0.99,0.83,0.0059,0.0403,891
MS-0155,Fibon Arrel,pebble_school,False,Fibon Arrel,4173,21.1,0.657,0.564,0.804,0.832,0.991,0.0004,0.0103,840
MS-0020,Vagabu Olt,none,False,Vagabu Olt,1061,14.1,0.632,0.57,0.895,0.838,0.948,0.0093,0.0266,876
MS-0125,Yasho Krent,water_school,False,Yasho Krent,3705,26.8,0.808,0.415,0.446,0.989,0.757,0.0361,0.007,896
MS-0080,Yasho Krent,water_school,False,Yasho Krent,5517,25.1,0.868,0.457,0.521,0.992,0.78,0.0024,0.0374,872
MS-0115,Boffa Trent,water_school,False,Boffa Trent,1392,31.5,0.808,0.5,0.597,0.987,0.86,0.012,0.0504,884
MS-0119,Mink Pavar,water_school,False,Mink Pavar,2327,26.9,0.894,0.443,0.481,0.987,0.786,0.0242,0.034,893
MS-0073,Vagabu Olt,none,False,Vagabu Olt,1056,12.3,0.588,0.517,0.814,0.866,0.958,0.0019,0.0099,870
MS-0016,Mink Pavar,water_school,False,Mink Pavar,4191,30.8,0.806,0.418,0.516,0.977,0.768,0.0494,0.003,908
MS-0011,Fibon Arrel,pebble_school,False,Fibon Arrel,4885,24.1,0.728,0.548,0.802,0.812,0.987,0.0214,0.0946,862
MS-0195,Boffa Trent,water_school,False,Boffa Trent,2702,32.3,0.797,0.469,0.553,0.98,0.784,0.0822,0.0854,876
MS-0102,Mink Pavar,water_school,False,Mink Pavar,4059,28.6,0.933,0.44,0.587,0.98,0.83,0.0308,0.0506,901
MS-0069,Eulr Voss,water_school,False,Eulr Voss,2348,31.1,0.692,0.45,0.488,0.979,0.782,0.0046,0.0271,816
MS-0225,Mink Pavar,water_school,False,Mink Pavar,866,28.7,0.721,0.398,0.465,0.985,0.752,0.0031,0.0914,878
MS-0038,Mink Pavar,water_school,False,Mink Pavar,5203,29.7,0.916,0.47,0.447,0.982,0.728,0.0088,0.0431,876
MS-0017,Fibon Arrel,pebble_school,False,Fibon Arrel,3453,22.9,0.663,0.557,0.891,0.771,0.986,0.021,0.0312,839
MS-0180,Fibon Arrel,pebble_school,False,Fibon Arrel,1474,22.7,0.728,0.569,0.838,0.802,0.975,0.0088,0.0449,851
MS-0148,Yasho Krent,water_school,False,Yasho Krent,5348,25.5,0.819,0.433,0.5,0.981,0.828,0.0468,0.0281,885
MS-0275,Grigsu Haldo,stone_school,True,Mink Pavar,2428,21.2,0.792,0.461,0.745,0.874,0.869,0.1516,0.1887,883
MS-0068,Mink Pavar,water_school,False,Mink Pavar,4712,32.0,0.949,0.499,0.571,0.993,0.84,0.0017,0.0658,886
MS-0229,Grigsu Haldo,stone_school,False,Grigsu Haldo,8889,19.7,0.772,0.525,0.984,0.514,0.832,0.0012,0.042,880
MS-0070,Boffa Trent,water_school,False,Boffa Trent,2039,34.4,0.703,0.535,0.545,0.985,0.858,0.0315,0.0455,879
MS-0032,Vagabu Olt,none,False,Vagabu Olt,2394,17.0,0.619,0.469,0.842,0.849,0.944,0.025,0.0145,884
MS-0184,Mink Pavar,water_school,False,Mink Pavar,1637,29.7,0.857,0.46,0.474,0.982,0.764,0.0026,0.0804,913
MS-0266,Grigsu Haldo,stone_school,True,Mink Pavar,3727,22.7,0.692,0.457,0.908,0.783,0.9,0.9354,0.074,872
MS-0226,Vagabu Olt,none,False,Vagabu Olt,2273,18.7,0.745,0.46,0.949,0.712,0.916,0.0369,0.1459,893
MS-0141,Eulr Voss,water_school,False,Eulr Voss,3962,28.3,0.725,0.47,0.544,0.99,0.827,0.0175,0.0557,818
MS-0019,Boffa Trent,water_school,False,Boffa Trent,3574,31.6,0.842,0.45,0.553,0.989,0.805,0.0229,0.0243,901
MS-0182,Boffa Trent,water_school,False,Boffa Trent,4288,32.8,0.833,0.389,0.508,0.994,0.793,0.0053,0.0178,877
MS-0097,Boffa Trent,water_school,False,Boffa Trent,2607,32.7,0.754,0.486,0.512,0.991,0.79,0.0367,0.0352,880
MS-0133,Fibon Arrel,pebble_school,False,Fibon Arrel,823,20.2,0.758,0.509,0.825,0.76,0.987,0.0439,0.0066,852
MS-0263,Fibon Arrel,pebble_school,True,Mink Pavar,4039,27.9,0.789,0.501,0.654,0.916,0.917,0.167,0.159,854
MS-0087,Vagabu Olt,none,False,Vagabu Olt,1918,16.9,0.724,0.529,0.855,0.862,0.964,0.0256,0.038,872
MS-0249,Mink Pavar,water_school,False,Mink Pavar,8529,27.5,0.919,0.514,0.524,0.988,0.804,0.0201,0.0495,907
MS-0246,Fibon Arrel,pebble_school,False,Fibon Arrel,2928,22.4,0.684,0.526,0.828,0.75,0.988,0.009,0.0127,858
MS-0117,Eulr Voss,water_school,False,Eulr Voss,1117,28.4,0.83,0.441,0.511,0.984,0.77,0.0053,0.0071,821
MS-0147,Fibon Arrel,pebble_school,False,Fibon Arrel,5406,21.3,0.629,0.542,0.846,0.762,0.977,0.0501,0.0106,852
MS-0293,Grigsu Haldo,stone_school,True,Mink Pavar,1516,23.4,0.835,0.455,0.837,0.873,0.919,0.1741,0.2609,875
MS-0198,Yasho Krent,water_school,False,Yasho Krent,4270,22.2,0.834,0.461,0.492,0.995,0.769,0.0088,0.004,895
MS-0207,Fibon Arrel,pebble_school,False,Fibon Arrel,2800,21.5,0.704,0.524,0.893,0.742,0.988,0.0158,0.0076,847
MS-0056,Grigsu Haldo,stone_school,False,Grigsu Haldo,9534,17.6,0.687,0.481,0.98,0.447,0.818,0.0946,0.0091,872
MS-0173,Mink Pavar,water_school,False,Mink Pavar,5581,29.0,0.883,0.44,0.564,0.981,0.811,0.0042,0.0354,891
MS-0185,Boffa Trent,water_school,False,Boffa Trent,4217,26.8,0.651,0.493,0.544,0.993,0.796,0.0185,0.1168,875
MS-0168,Eulr Voss,water_school,False,Eulr Voss,2989,27.3,0.773,0.387,0.444,0.981,0.72,0.0315,0.0009,834
MS-0140,Eulr Voss,water_school,False,Eulr Voss,2883,28.2,0.687,0.474,0.552,0.991,0.795,0.0071,0.0001,822
MS-0254,Vagabu Olt,none,False,Vagabu Olt,9972,12.2,0.64,0.546,0.867,0.838,0.957,0.0334,0.0718,900
MS-0039,Fibon Arrel,pebble_school,False,Fibon Arrel,500,24.6,0.672,0.593,0.823,0.808,0.992,0.0136,0.0626,839
MS-0126,Yasho Krent,water_school,False,Yasho Krent,1161,23.6,0.776,0.429,0.494,0.973,0.782,0.0088,0.0912,893
MS-0196,Eulr Voss,water_school,False,Eulr Voss,2632,26.7,0.811,0.408,0.507,0.987,0.777,0.0344,0.0867,825
MS-0284,Fibon Arrel,pebble_school,True,Mink Pavar,1784,26.2,0.818,0.482,0.636,0.948,0.879,0.1178,0.3104,866
MS-0138,Fibon Arrel,pebble_school,False,Fibon Arrel,2307,23.8,0.772,0.518,0.834,0.806,0.986,0.0044,0.0624,865
MS-0113,Grigsu Haldo,stone_school,False,Grigsu Haldo,2745,20.7,0.789,0.532,0.994,0.513,0.817,0.0073,0.0359,885
MS-0169,Vagabu Olt,none,False,Vagabu Olt,24261,13.1,0.705,0.533,0.859,0.813,0.972,0.0041,0.03,871
MS-0118,Mink Pavar,water_school,False,Mink Pavar,7239,28.0,0.95,0.394,0.405,0.973,0.697,0.0129,0.0297,887
MS-0278,Grigsu Haldo,stone_school,True,Mink Pavar,4614,24.0,0.804,0.468,0.918,0.81,0.927,0.1098,0.2563,874
MS-0272,Grigsu Haldo,stone_school,True,Mink Pavar,3188,23.2,0.785,0.527,0.826,0.882,0.89,0.1588,0.1397,883
MS-0156,Mink Pavar,water_school,False,Mink Pavar,2004,30.9,0.832,0.445,0.509,0.982,0.812,0.0578,0.0234,887
MS-0177,Eulr Voss,water_school,False,Eulr Voss,1259,24.5,0.827,0.412,0.471,0.981,0.739,0.003,0.0564,834
MS-0179,Vagabu Olt,none,False,Vagabu Olt,1277,18.3,0.678,0.513,0.84,0.867,0.942,0.022,0.0304,898
MS-0003,Grigsu Haldo,stone_school,False,Grigsu Haldo,5756,15.8,0.697,0.484,0.993,0.567,0.848,0.0156,0.0165,873
MS-0116,Fibon Arrel,pebble_school,False,Fibon Arrel,17811,21.9,0.73,0.591,0.814,0.819,0.988,0.0062,0.028,850
MS-0144,Fibon Arrel,pebble_school,False,Fibon Arrel,3455,23.4,0.707,0.53,0.834,0.791,0.982,0.0115,0.015,848
MS-0178,Boffa Trent,water_school,False,Boffa Trent,5649,34.2,0.777,0.433,0.48,0.97,0.742,0.0596,0.0351,885
MS-0121,Fibon Arrel,pebble_school,False,Fibon Arrel,10826,23.5,0.698,0.483,0.803,0.791,0.991,0.009,0.0568,840
MS-0211,Grigsu Haldo,stone_school,False,Grigsu Haldo,1514,20.7,0.729,0.509,0.982,0.471,0.779,0.0139,0.0415,874
MS-0261,Grigsu Haldo,stone_school,True,Mink Pavar,13887,20.7,0.749,0.411,0.815,0.789,0.848,0.246,0.5888,885
MS-0128,Mink Pavar,water_school,False,Mink Pavar,7345,33.7,0.822,0.464,0.494,0.994,0.78,0.0032,0.1442,893
MS-0075,Mink Pavar,water_school,False,Mink Pavar,7033,28.1,0.786,0.481,0.502,0.996,0.777,0.01,0.0538,879
MS-0030,Yasho Krent,water_school,False,Yasho Krent,5292,21.1,0.757,0.419,0.547,0.989,0.83,0.0128,0.1135,888
MS-0084,Grigsu Haldo,stone_school,False,Grigsu Haldo,11761,16.2,0.711,0.524,0.989,0.492,0.78,0.0095,0.0027,870
MS-0270,Grigsu Haldo,stone_school,True,Mink Pavar,6634,22.5,0.684,0.517,0.854,0.851,0.875,0.2172,0.2395,880
MS-0108,Fibon Arrel,pebble_school,False,Fibon Arrel,2895,22.4,0.644,0.531,0.764,0.82,0.989,0.032,0.0248,868
MS-0224,Yasho Krent,water_school,False,Yasho Krent,7837,25.4,0.825,0.497,0.53,0.985,0.802,0.0185,0.0031,901
MS-0159,Yasho Krent,water_school,False,Yasho Krent,7722,26.5,0.812,0.473,0.542,0.978,0.847,0.012,0.0146,860
MS-0281,Fibon Arrel,pebble_school,True,Mink Pavar,1800,25.8,0.788,0.487,0.705,0.917,0.926,0.2052,0.0515,857
MS-0247,Fibon Arrel,pebble_school,False,Fibon Arrel,3681,25.1,0.65,0.533,0.839,0.77,0.987,0.0025,0.0119,865
MS-0223,Boffa Trent,water_school,False,Boffa Trent,1859,33.8,0.796,0.429,0.445,0.985,0.744,0.0322,0.0218,889
MS-0066,Mink Pavar,water_school,False,Mink Pavar,1768,28.1,0.82,0.467,0.525,0.984,0.814,0.0031,0.2159,890
MS-0199,Vagabu Olt,none,False,Vagabu Olt,7534,14.6,0.59,0.473,0.909,0.779,0.956,0.0351,0.0085,899
MS-0086,Boffa Trent,water_school,False,Boffa Trent,2378,33.6,0.703,0.452,0.445,0.984,0.792,0.0055,0.0213,868
MS-0214,Vagabu Olt,none,False,Vagabu Olt,4999,16.6,0.634,0.505,0.834,0.802,0.967,0.0097,0.0836,871
MS-0160,Yasho Krent,water_school,False,Yasho Krent,2429,26.7,0.73,0.446,0.513,0.995,0.795,0.0002,0.0643,887
MS-0013,Vagabu Olt,none,False,Vagabu Olt,2953,15.7,0.62,0.527,0.836,0.856,0.953,0.0093,0.0332,879
MS-0036,Fibon Arrel,pebble_school,False,Fibon Arrel,5437,23.0,0.583,0.549,0.815,0.813,0.986,0.0159,0.0398,831
MS-0029,Grigsu Haldo,stone_school,False,Grigsu Haldo,15500,21.7,0.707,0.515,0.981,0.536,0.839,0.0306,0.0361,887
MS-0143,Vagabu Olt,none,False,Vagabu Olt,1558,12.8,0.57,0.483,0.849,0.843,0.923,0.0228,0.0347,874
MS-0285,Grigsu Haldo,stone_school,True,Mink Pavar,4092,18.7,0.813,0.506,0.856,0.865,0.901,0.1238,0.0617,871
MS-0255,Vagabu Olt,none,False,Vagabu Olt,7486,14.9,0.622,0.538,0.808,0.871,0.958,0.0088,0.0691,885
MS-0171,Mink Pavar,water_school,False,Mink Pavar,1634,28.2,0.821,0.488,0.552,0.989,0.827,0.002,0.05,889
MS-0052,Fibon Arrel,pebble_school,False,Fibon Arrel,2163,18.2,0.722,0.586,0.821,0.819,0.99,0.005,0.0336,855
MS-0096,Yasho Krent,water_school,False,Yasho Krent,4175,23.3,0.856,0.392,0.385,0.98,0.712,0.0395,0.0846,908
MS-0209,Yasho Krent,water_school,False,Yasho Krent,5272,20.7,0.855,0.461,0.495,0.993,0.772,0.0226,0.0196,908
MS-0248,Yasho Krent,water_school,False,Yasho Krent,500,23.8,0.861,0.5,0.527,0.984,0.8,0.0218,0.0265,906
MS-0042,Fibon Arrel,pebble_school,False,Fibon Arrel,4346,19.7,0.694,0.529,0.825,0.801,0.982,0.0085,0.0213,863
MS-0090,Yasho Krent,water_school,False,Yasho Krent,2656,22.6,0.774,0.428,0.53,0.997,0.797,0.0336,0.2856,898
MS-0245,Boffa Trent,water_school,False,Boffa Trent,522,32.5,0.794,0.452,0.497,0.976,0.773,0.0867,0.033,873
MS-0137,Grigsu Haldo,stone_school,False,Grigsu Haldo,3507,17.6,0.782,0.475,0.991,0.483,0.782,0.0048,0.095,873
MS-0027,Fibon Arrel,pebble_school,False,Fibon Arrel,2810,21.1,0.703,0.51,0.858,0.84,0.989,0.1139,0.4086,852
MS-0294,Fibon Arrel,pebble_school,True,Mink Pavar,11406,22.5,0.833,0.47,0.616,0.955,0.891,0.1724,0.0813,865
MS-0142,Eulr Voss,water_school,False,Eulr Voss,2880,27.9,0.742,0.449,0.553,0.992,0.807,0.0098,0.0505,837
MS-0201,Eulr Voss,water_school,False,Eulr Voss,5542,27.9,0.662,0.45,0.609,0.986,0.852,0.0079,0.0426,812
MS-0001,Eulr Voss,water_school,False,Eulr Voss,1919,27.8,0.761,0.432,0.562,0.987,0.844,0.001,0.0255,825
MS-0269,Grigsu Haldo,stone_school,True,Mink Pavar,1252,26.5,0.876,0.413,0.891,0.797,0.887,0.3415,0.1315,873
MS-0273,Grigsu Haldo,stone_school,True,Mink Pavar,8290,23.6,0.795,0.48,0.851,0.793,0.926,0.6814,0.1502,880
MS-0101,Grigsu Haldo,stone_school,False,Grigsu Haldo,938,14.9,0.67,0.561,0.991,0.527,0.836,0.0274,0.0594,870
MS-0260,Grigsu Haldo,stone_school,True,Mink Pavar,1696,24.3,0.759,0.465,0.886,0.787,0.851,0.1595,0.3016,868
MS-0256,Grigsu Haldo,stone_school,True,Mink Pavar,14072,20.0,0.815,0.462,0.879,0.784,0.911,0.7546,0.1034,865
MS-0172,Grigsu Haldo,stone_school,False,Grigsu Haldo,6915,14.9,0.64,0.561,0.987,0.52,0.801,0.006,0.0086,867
MS-0099,Boffa Trent,water_school,False,Boffa Trent,2521,30.4,0.741,0.473,0.553,0.988,0.836,0.0092,0.1586,878
MS-0037,Mink Pavar,water_school,False,Mink Pavar,1870,28.9,0.867,0.459,0.507,0.988,0.778,0.0349,0.0804,911
MS-0062,Boffa Trent,water_school,False,Boffa Trent,3460,31.7,0.678,0.434,0.513,0.991,0.796,0.023,0.0736,893
MS-0151,Boffa Trent,water_school,False,Boffa Trent,7227,30.3,0.721,0.452,0.539,0.982,0.797,0.0107,0.024,877
MS-0237,Eulr Voss,water_school,False,Eulr Voss,2598,26.5,0.801,0.452,0.55,0.98,0.793,0.0349,0.0836,824
MS-0203,Grigsu Haldo,stone_school,False,Grigsu Haldo,4250,15.9,0.663,0.496,0.988,0.57,0.886,0.0005,0.0133,885
MS-0243,Eulr Voss,water_school,False,Eulr Voss,39913,31.4,0.7,0.458,0.591,0.98,0.827,0.0279,0.0148,830
MS-0012,Boffa Trent,water_school,False,Boffa Trent,8223,36.6,0.8,0.466,0.503,0.988,0.813,0.0138,0.0131,871
MS-0297,Grigsu Haldo,stone_school,True,Mink Pavar,7011,20.7,0.864,0.5,0.856,0.865,0.944,0.4463,0.0737,880
MS-0268,Eulr Voss,water_school,True,Mink Pavar,1459,25.9,0.891,0.384,0.483,0.957,0.743,0.164,0.209,823
MS-0028,Mink Pavar,water_school,False,Mink Pavar,3796,30.2,0.819,0.422,0.546,0.992,0.807,0.0356,0.0323,886
MS-0220,Grigsu Haldo,stone_school,False,Grigsu Haldo,9751,18.5,0.754,0.512,0.983,0.486,0.797,0.0161,0.003,882
MS-0005,Vagabu Olt,none,False,Vagabu Olt,3981,14.0,0.655,0.474,0.873,0.84,0.934,0.0057,0.1191,882
MS-0123,Mink Pavar,water_school,False,Mink Pavar,1777,32.0,0.88,0.475,0.54,0.991,0.814,0.0184,0.0232,910
MS-0033,Eulr Voss,water_school,False,Eulr Voss,35000,29.0,0.76,0.417,0.51,0.98,0.791,0.0154,0.0045,843
MS-0205,Vagabu Olt,none,False,Vagabu Olt,10419,16.1,0.657,0.396,0.861,0.852,0.965,0.0066,0.0169,883
MS-0163,Grigsu Haldo,stone_school,False,Grigsu Haldo,6630,17.7,0.74,0.549,0.985,0.498,0.812,0.0127,0.0262,888
MS-0210,Fibon Arrel,pebble_school,False,Fibon Arrel,4276,24.9,0.725,0.539,0.845,0.817,0.979,0.0028,0.0031,851
MS-0286,Grigsu Haldo,stone_school,True,Mink Pavar,7233,20.9,0.744,0.478,0.808,0.893,0.882,0.105,0.4503,875
MS-0139,Mink Pavar,water_school,False,Mink Pavar,1476,25.6,0.867,0.369,0.441,0.971,0.779,0.0226,0.0366,894
MS-0063,Yasho Krent,water_school,False,Yasho Krent,935,20.1,0.902,0.449,0.52,0.991,0.776,0.0064,0.0253,862
MS-0136,Vagabu Olt,none,False,Vagabu Olt,6348,15.8,0.621,0.52,0.891,0.781,0.973,0.0242,0.1506,899
MS-0129,Yasho Krent,water_school,False,Yasho Krent,2949,25.3,0.87,0.447,0.524,0.967,0.799,0.017,0.0723,904
MS-0291,Grigsu Haldo,stone_school,True,Mink Pavar,1937,24.3,0.811,0.522,0.802,0.882,0.85,0.7579,0.3434,874
MS-0009,Boffa Trent,water_school,False,Boffa Trent,2874,32.5,0.744,0.463,0.556,0.99,0.801,0.0101,0.1411,885
MS-0071,Vagabu Olt,none,False,Vagabu Olt,9713,18.1,0.677,0.516,0.842,0.797,0.959,0.0145,0.0295,894
MS-0265,Eulr Voss,water_school,True,Mink Pavar,2742,28.2,0.845,0.484,0.557,0.98,0.855,0.1281,0.1965,824
MS-0065,Yasho Krent,water_school,False,Yasho Krent,4984,27.2,0.852,0.469,0.49,0.987,0.778,0.0121,0.0186,867
MS-0045,Fibon Arrel,pebble_school,False,Fibon Arrel,565,19.2,0.714,0.53,0.795,0.804,0.993,0.0005,0.0538,832
MS-0280,Fibon Arrel,pebble_school,True,Mink Pavar,4839,21.4,0.815,0.41,0.67,0.924,0.909,0.1992,0.1185,833
MS-0157,Boffa Trent,water_school,False,Boffa Trent,7287,35.0,0.768,0.413,0.49,0.994,0.792,0.0244,0.0669,894
MS-0041,Boffa Trent,water_school,False,Boffa Trent,718,35.1,0.74,0.479,0.563,0.994,0.823,0.0187,0.0429,896
MS-0124,Boffa Trent,water_school,False,Boffa Trent,735,30.1,0.744,0.437,0.542,0.985,0.813,0.0226,0.0186,872
MS-0276,Grigsu Haldo,stone_school,True,Mink Pavar,7652,21.2,0.742,0.53,0.873,0.847,0.923,0.3777,0.0811,874
MS-0217,Vagabu Olt,none,False,Vagabu Olt,6229,13.8,0.729,0.503,0.936,0.752,0.938,0.0033,0.0529,872
MS-0154,Grigsu Haldo,stone_school,False,Grigsu Haldo,6310,16.0,0.722,0.539,0.995,0.482,0.804,0.0141,0.0027,880
MS-0024,Vagabu Olt,none,False,Vagabu Olt,1389,13.7,0.591,0.526,0.804,0.882,0.963,0.013,0.0256,894
MS-0262,Grigsu Haldo,stone_school,True,Mink Pavar,2907,19.2,0.811,0.489,0.826,0.842,0.881,0.2029,0.2855,872
MS-0111,Fibon Arrel,pebble_school,False,Fibon Arrel,1278,21.6,0.704,0.524,0.817,0.808,0.991,0.0463,0.2214,838
MS-0082,Boffa Trent,water_school,False,Boffa Trent,4298,31.6,0.721,0.418,0.45,0.988,0.765,0.02,0.0148,892
MS-0208,Mink Pavar,water_school,False,Mink Pavar,3982,29.4,0.749,0.472,0.522,0.989,0.826,0.0106,0.0483,876
MS-0213,Fibon Arrel,pebble_school,False,Fibon Arrel,1473,20.3,0.702,0.585,0.837,0.78,0.988,0.0103,0.0055,869
MS-0040,Grigsu Haldo,stone_school,False,Grigsu Haldo,2121,18.4,0.713,0.546,0.967,0.603,0.902,0.0252,0.0417,869
MS-0241,Mink Pavar,water_school,False,Mink Pavar,21767,28.9,0.887,0.504,0.523,0.995,0.809,0.0651,0.0024,889
MS-0292,Grigsu Haldo,stone_school,True,Mink Pavar,1565,19.7,0.775,0.52,0.799,0.881,0.943,0.7155,0.055,873
MS-0259,Grigsu Haldo,stone_school,True,Mink Pavar,1171,23.3,0.774,0.486,0.815,0.875,0.906,0.2662,0.164,868
MS-0200,Boffa Trent,water_school,False,Boffa Trent,2172,29.7,0.752,0.492,0.616,0.984,0.853,0.0226,0.0379,896
MS-0015,Grigsu Haldo,stone_school,False,Grigsu Haldo,1156,19.2,0.62,0.518,0.992,0.547,0.823,0.0063,0.088,876
MS-0048,Grigsu Haldo,stone_school,False,Grigsu Haldo,2233,18.1,0.711,0.52,0.992,0.496,0.789,0.0149,0.208,877
MS-0095,Boffa Trent,water_school,False,Boffa Trent,3426,32.6,0.898,0.432,0.536,0.992,0.788,0.0009,0.0085,884
MS-0264,Grigsu Haldo,stone_school,True,Mink Pavar,6963,20.8,0.73,0.564,0.935,0.72,0.895,0.2638,0.3366,876
MS-0228,Mink Pavar,water_school,False,Mink Pavar,4473,25.9,0.784,0.494,0.533,0.988,0.791,0.0262,0.163,898
MS-0274,Fibon Arrel,pebble_school,True,Mink Pavar,3203,24.5,0.761,0.531,0.718,0.857,0.958,0.1132,0.1164,849
MS-0202,Yasho Krent,water_school,False,Yasho Krent,3343,24.3,0.864,0.502,0.552,0.99,0.823,0.0026,0.0582,900
MS-0162,Fibon Arrel,pebble_school,False,Fibon Arrel,11018,21.4,0.744,0.481,0.786,0.785,0.973,0.0494,0.1002,866
MS-0044,Fibon Arrel,pebble_school,False,Fibon Arrel,4506,26.8,0.695,0.522,0.844,0.81,0.999,0.0121,0.0747,831
MS-0218,Vagabu Olt,none,False,Vagabu Olt,823,13.9,0.708,0.611,0.856,0.883,0.951,0.0073,0.0564,897
MS-0146,Boffa Trent,water_school,False,Boffa Trent,3961,33.3,0.756,0.43,0.5,0.991,0.816,0.0025,0.0543,876
MS-0191,Eulr Voss,water_school,False,Eulr Voss,3390,31.9,0.739,0.432,0.478,0.974,0.762,0.0019,0.0947,842
MS-0221,Grigsu Haldo,stone_school,False,Grigsu Haldo,1503,16.1,0.734,0.529,0.984,0.569,0.872,0.0076,0.0112,866
MS-0252,Yasho Krent,water_school,False,Yasho Krent,1042,22.8,0.794,0.445,0.537,0.984,0.818,0.0174,0.0422,870
MS-0004,Mink Pavar,water_school,False,Mink Pavar,6944,29.6,0.795,0.474,0.61,0.986,0.874,0.0436,0.0507,875
MS-0106,Yasho Krent,water_school,False,Yasho Krent,4648,25.4,0.696,0.458,0.531,0.987,0.809,0.0159,0.0784,893
MS-0054,Vagabu Olt,none,False,Vagabu Olt,2059,13.2,0.714,0.505,0.829,0.855,0.95,0.0408,0.0012,899
MS-0134,Fibon Arrel,pebble_school,False,Fibon Arrel,1046,24.3,0.768,0.528,0.85,0.777,0.968,0.0427,0.0086,863
MS-0002,Eulr Voss,water_school,False,Eulr Voss,2117,29.7,0.853,0.412,0.48,0.993,0.791,0.0137,0.0065,823
MS-0132,Boffa Trent,water_school,False,Boffa Trent,1853,30.9,0.82,0.521,0.564,0.986,0.84,0.0369,0.006,883
MS-0104,Yasho Krent,water_school,False,Yasho Krent,2550,24.8,0.713,0.42,0.498,0.993,0.803,0.0062,0.0931,868
MS-0050,Grigsu Haldo,stone_school,False,Grigsu Haldo,500,18.6,0.729,0.504,0.981,0.462,0.822,0.0048,0.0659,868
MS-0081,Eulr Voss,water_school,False,Eulr Voss,3633,31.3,0.795,0.471,0.519,0.987,0.796,0.0332,0.0556,828
MS-0206,Yasho Krent,water_school,False,Yasho Krent,1991,26.2,0.853,0.462,0.543,0.987,0.81,0.0085,0.0662,861
MS-0035,Fibon Arrel,pebble_school,False,Fibon Arrel,1855,20.0,0.695,0.525,0.859,0.796,0.995,0.0066,0.0424,834
MS-0092,Yasho Krent,water_school,False,Yasho Krent,4078,22.5,0.696,0.41,0.466,0.968,0.728,0.0445,0.0769,900
MS-0053,Grigsu Haldo,stone_school,False,Grigsu Haldo,4203,18.6,0.725,0.531,0.993,0.566,0.85,0.0026,0.0131,866
MS-0242,Yasho Krent,water_school,False,Yasho Krent,2494,21.7,0.747,0.438,0.547,0.991,0.809,0.0116,0.0368,888
MS-0014,Eulr Voss,water_school,False,Eulr Voss,1554,24.5,0.734,0.422,0.469,0.98,0.746,0.0017,0.0473,816
MS-0089,Vagabu Olt,none,False,Vagabu Olt,1271,14.7,0.603,0.473,0.753,0.874,0.962,0.0049,0.0512,899
MS-0167,Vagabu Olt,none,False,Vagabu Olt,990,14.2,0.518,0.512,0.867,0.834,0.96,0.02,0.1022,885
MS-0295,Grigsu Haldo,stone_school,True,Mink Pavar,2585,20.5,0.723,0.565,0.899,0.8,0.937,0.2216,0.056,880
MS-0135,Eulr Voss,water_school,False,Eulr Voss,1806,26.8,0.752,0.452,0.511,0.988,0.803,0.0095,0.1204,821
MS-0288,Grigsu Haldo,stone_school,True,Mink Pavar,1751,22.7,0.735,0.462,0.864,0.758,0.865,0.3131,0.0701,865
MS-0244,Eulr Voss,water_school,False,Eulr Voss,500,28.6,0.746,0.439,0.515,0.99,0.788,0.0113,0.1321,833
MS-0055,Vagabu Olt,none,False,Vagabu Olt,3183,17.4,0.628,0.589,0.913,0.801,0.959,0.0268,0.0274,899
MS-0051,Eulr Voss,water_school,False,Eulr Voss,4846,23.8,0.682,0.458,0.495,0.986,0.791,0.0321,0.0855,839
MS-0175,Vagabu Olt,none,False,Vagabu Olt,879,16.5,0.633,0.493,0.878,0.789,0.952,0.0008,0.0407,887
MS-0190,Mink Pavar,water_school,False,Mink Pavar,3540,27.5,0.894,0.432,0.602,0.981,0.837,0.007,0.0107,912
MS-0299,Fibon Arrel,pebble_school,True,Mink Pavar,2373,23.4,0.816,0.469,0.726,0.945,0.928,0.4702,0.153,839
MS-0188,Fibon Arrel,pebble_school,False,Fibon Arrel,546,25.6,0.69,0.551,0.802,0.798,0.982,0.016,0.0018,838
MS-0170,Grigsu Haldo,stone_school,False,Grigsu Haldo,1807,18.0,0.687,0.538,0.996,0.553,0.845,0.0114,0.0814,874
MS-0059,Yasho Krent,water_school,False,Yasho Krent,1970,24.9,0.84,0.52,0.622,0.981,0.852,0.0404,0.0951,900
MS-0049,Yasho Krent,water_school,False,Yasho Krent,809,25.6,0.829,0.51,0.551,0.99,0.798,0.0036,0.0024,902
MS-0236,Fibon Arrel,pebble_school,False,Fibon Arrel,2315,20.1,0.696,0.544,0.809,0.768,0.985,0.0072,0.1363,834
MS-0253,Mink Pavar,water_school,False,Mink Pavar,6652,28.6,0.871,0.498,0.587,0.982,0.859,0.001,0.1064,889
MS-0022,Boffa Trent,water_school,False,Boffa Trent,6989,34.4,0.764,0.46,0.582,0.992,0.818,0.0287,0.0077,884
MS-0161,Grigsu Haldo,stone_school,False,Grigsu Haldo,14361,19.3,0.8,0.526,0.993,0.532,0.825,0.0081,0.0233,882
MS-0277,Grigsu Haldo,stone_school,True,Mink Pavar,500,23.5,0.773,0.491,0.801,0.875,0.855,0.7347,0.5605,869
MS-0192,Eulr Voss,water_school,False,Eulr Voss,1546,24.0,0.732,0.416,0.5,0.985,0.743,0.0024,0.0174,836
MS-0258,Grigsu Haldo,stone_school,True,Mink Pavar,4247,23.0,0.838,0.508,0.772,0.912,0.869,0.3693,0.3138,885
MS-0150,Mink Pavar,water_school,False,Mink Pavar,2219,29.8,0.786,0.428,0.504,0.988,0.77,0.0,0.0131,878
MS-0131,Fibon Arrel,pebble_school,False,Fibon Arrel,6384,23.9,0.711,0.539,0.869,0.768,0.991,0.0215,0.0733,830
MS-0152,Vagabu Olt,none,False,Vagabu Olt,3339,15.6,0.563,0.52,0.846,0.88,0.945,0.0718,0.0094,900
MS-0100,Vagabu Olt,none,False,Vagabu Olt,5007,15.1,0.711,0.445,0.814,0.894,0.927,0.0037,0.0015,897
MS-0088,Eulr Voss,water_school,False,Eulr Voss,7093,25.8,0.745,0.463,0.511,0.984,0.804,0.0038,0.0724,812
MS-0215,Mink Pavar,water_school,False,Mink Pavar,2102,23.6,0.907,0.435,0.523,0.976,0.839,0.0025,0.0549,894
MS-0122,Mink Pavar,water_school,False,Mink Pavar,4245,28.8,0.877,0.445,0.587,0.971,0.802,0.0211,0.0653,902
MS-0300,Fibon Arrel,pebble_school,True,Mink Pavar,3325,27.0,0.768,0.475,0.696,0.921,0.924,0.351,0.302,840
MS-0021,Eulr Voss,water_school,False,Eulr Voss,10324,25.9,0.856,0.465,0.508,0.995,0.788,0.0069,0.0298,834
MS-0189,Fibon Arrel,pebble_school,False,Fibon Arrel,1600,23.1,0.7,0.563,0.759,0.829,0.98,0.0091,0.1311,867
MS-0072,Boffa Trent,water_school,False,Boffa Trent,2216,29.8,0.793,0.421,0.474,0.98,0.749,0.0113,0.0883,887
MS-0107,Fibon Arrel,pebble_school,False,Fibon Arrel,4633,20.8,0.583,0.532,0.757,0.847,0.987,0.0157,0.1028,833
MS-0271,Grigsu Haldo,stone_school,True,Mink Pavar,4067,22.1,0.76,0.507,0.863,0.859,0.948,0.2437,0.5855,879
MS-0103,Eulr Voss,water_school,False,Eulr Voss,7464,26.2,0.812,0.398,0.483,0.975,0.771,0.0041,0.0922,830
